Region,Facility,Tier,Latitude
Ashanti,PEACE AND LOVE HOSPITAL,2,7.40801
Ashanti,TODAH HOSPITAL,2,7.40801
Ashanti,ASOKWA CHILREN'S HOSPITAL,2,7.40801
Ashanti,FANKYEBEBRA HOSPITAL,2,7.40801
Ashanti,MICHMIT HOSPITAL,2,7.40801
Ashanti,SABS HOSPITAL,2,7.40801
Ashanti,SARFO ADU MEMORIAL HOSPITAL,2,7.40801
Ashanti,CITY HOSPITAL,2,7.40801
Ashanti,AYUSH MEMORIAL HOSPITAL LTD,2,7.40801
Ashanti,ROYAL PLACE HOSPITAL,2,7.40801
Ashanti,ASAFO AGYEI HOSPITAL,2,7.40801
Ashanti,FIRST ROYAL SPECIALIST HOSPITAL,2,7.40801
Ashanti,GARDEN CITY HOSPITAL,2,7.40801
Ashanti,PAKS HOSPITAL (KRONUM),2,7.40801
Ashanti,ANAN HOSPITAL LIMITED,2,7.40801
Ashanti,ST. ANNE'S HOSPITAL,2,7.40801
Ashanti,MARBOAH HOSPITAL,2,7.40801
Ashanti,MOUNT SINAI MISSION HOSPITAL,2,7.40801
Ashanti,TRUE VINE HOSPITAL,2,7.40801
Ashanti,DOSONEC HOSPITAL LIMITED,2,7.40801
Ashanti,YENTUMI BOAITEY MEMORIAL HOSPITAL,2,7.40801
Ashanti,AHMADIYA MUSLIM HOSPITAL ASOKORE,2,7.40801
Ashanti,AHMADIYA MUSLIM HOSPITAL KOKOFU,2,7.40801
Ashanti,STEWARDS HOSPITAL AND MORTUARY,2,7.40801
Ashanti,AFARI COMMUNITY HOSPITAL LIMITED,2,7.40801
Ashanti,ABUOHIA TOPHILL HOSPITAL,2,7.40801
Ashanti,SILOAM HOSPITAL,2,7.40801
Ashanti,SAVIOUR COMMUNITY HOSPITAL ( BONWIRE),2,7.40801
Ashanti,KNUST HOSPITAL,2,7.40801
Ashanti,TRUE VINE HOSPITAL,2,7.40801
Ashanti,MARANATHA HOSPITAL,2,7.40801
Ashanti,MATER DEI HOSPITAL,2,7.40801
Ashanti,NEIGHBOURHOOD HOSPITAL LIMITED,2,7.40801
Ashanti,DR OSEI HOSPITAL,2,7.40801
Ashanti,PIMA HOSPITAL LIMITED,2,7.40801
Ashanti,ST THERESA'S SPECIALIST HOSPITAL,2,7.40801
Ashanti,AMANFROM HOSPITAL,2,7.40801
Ashanti,ANGLOGOLD ASHANTI HOSPITAL,2,7.40801
Ashanti,FAMILY CARE HOSPITAL,2,7.40801
Ashanti,ASUOYEBOA HOSPITAL,2,7.40801
Ashanti,ASAFO BOAKYE HOSPITAL,2,7.40801
Ashanti,ATWIMA MAAKRO HOSPITAL,2,7.40801
Ashanti,CEDAR CREST HOSPITAL,2,7.40801
Ashanti,FIRST CARE HOSPITAL,2,7.40801
Ashanti,MILLENNIUM CHARITY HOSPITAL,2,7.40801
Ashanti,POKU TRANSPORT HOSPITAL LIMITED,2,7.40801
Ashanti,LIVING WATERS HOSPITAL,2,7.40801
Ashanti,FIRST KLASS HOSPITAL,2,7.40801
Ashanti,LEGACY HOSPITAL,2,7.40801
Ashanti,LENNERT OSEI ADU HOSPITAL,2,7.40801
Ashanti,KROBO CHARITY HOSPITAL,2,7.40801
Ashanti,COUNTY HOSPITAL,2,7.40801
Ashanti,S D A HOSPITAL KWADASO,2,7.40801
Ashanti,GRACELAND SPECIALIST HOSPITAL,2,7.40801
Ashanti,CHRIST THE KING HOSPITAL,2,7.40801
Ashanti,DAKOPON HOSPITAL,2,7.40801
Ashanti,DIVINE GRACE HOSPITAL,2,7.40801
Ashanti,ST LUKES HOSPITAL - KASEI,2,7.40801
Ashanti,ST JUDE HOSPITAL LIMITED,2,7.40801
Ashanti,OBUASI RIDGE HOSPITAL,2,7.40801
Ashanti,SIAW - LARBI HOSPITAL,2,7.40801
Ashanti,SOUTH PATASI HOSPITAL - PATASI,2,7.40801
Ashanti,ROYAL ASH HOSPITAL,2,7.40801
Ashanti,TANOSO COMMUNITY HOSPITAL,2,7.40801
Ashanti,TRINITY HOSPITAL,2,7.40801
Ashanti,ST THERESA'S SPECIALIST HOSPITAL,2,7.40801
Ashanti,VICTORY HOSPITAL,2,7.40801
Ashanti,TRUE VINE HOSPITAL,2,7.40801
Ashanti,ZION PRAISE HOSPITAL,2,7.40801
Ashanti,WISDOM SPECIALIST HOSPITAL,2,7.40801
Ashanti,TIWAAH MEMORIAL HOSPITAL,2,7.40801
Ashanti,ST BENEDICT SPECIALIST HOSPITAL,2,7.40801
Ashanti,NOBEWAM SEVENTH ADVENTIST HOSPITAL,2,7.40801
Ashanti,BUOKROM COMMUNITY HOSPITAL,2,7.40801
Ashanti,GLOBAL EVANGELICAL MISSION HOSPITAL,2,7.40801
Ashanti,SDA HOSPITAL NAMONG,2,7.40801
Ashanti,SDA HOSPITAL WIAMOASE,2,7.40801
Ashanti,SEVENTH DAY ADVENTIST HOSPITAL ASAMANG,2,7.40801
Ashanti,S.D.A HOSPITAL KUMASI,2,7.40801
Ashanti,ARMY SALVATION HOSPITAL,2,7.40801
Ashanti,EVAKAB HOSPITAL,2,7.40801
Ashanti,ST MICHEAL'S CATHOLIC HOSPITAL,2,7.40801
Ashanti,RUMA FERTILITY AND SPECIALIST HOSPITAL,2,7.40801
Ashanti,CHURCH OF GOD MISSION HOSPITAL,2,7.40801
Ashanti,ST PATRICK'S HOSPITAL,2,7.40801
Ashanti,ABRAFI MEMORIAL HOSPITAL,2,7.40801
Ashanti,ROYAL CARE HOSPITAL,2,7.40801
Ashanti,POWERHOUSE HOSPITAL,2,7.40801
Ashanti,DABAA HOPE HOSPITAL,2,7.40801
Ashanti,MADONNAH MATERNITY HOME AND CLINIC,3,7.40801
Ashanti,TWUNEWAA MATERNITY HOME,3,7.40801
Ashanti,AMA DANSOWAAH MATERNITY HOME (Annex),3,7.40801
Ashanti,SANFORD WORLD CLINIC (Ashanti),3,7.40801
Ashanti,PARADISE MATERNITY HOME (Annex),3,7.40801
Ashanti,LIBERTY MATERNITY HOME,3,7.40801
Ashanti,ADAB - SAB MATERNITY HOME,3,7.40801
Ashanti,BONKOSSO OUTREACH MATERNITY HOME,3,7.40801
Ashanti,GOD FIRST ClLINIC MATERNITY HOME,3,7.40801
Ashanti,ST. ANTHONY'S ANN'S MATERNITY HOME,3,7.40801
Ashanti,DREAMLAND COMMUNITY CLINIC,3,7.40801
Ashanti,GARDEN CITY UNIVERSITY COLLEGE CLINIC,3,7.40801
Ashanti,MY PARADISE CLINIC and MATERNITY HOME,3,7.40801
Ashanti,JOMO MEDICAL CENTRE,3,7.40801
Ashanti,DREAMLAND COMMUNITY CLINIC,3,7.40801
Ashanti,ERICA MATERNITY HOME,3,7.40801
Ashanti,S.D.A CLINIC APAAH,3,7.40801
Ashanti,HUMBLE EXCELLENCE & MATERNITY HOME,3,7.40801
Ashanti,REV. WALKER MEDICAL CENTRE,3,7.40801
Ashanti,QUEEN VICTORIA'S MATERNITY HOME,3,7.40801
Ashanti,THE WORD MATERNITY HOME,3,7.40801
Ashanti,ST ANN'S MATERNITY HOME,3,7.40801
Ashanti,VANESSA POKUAH ADJEI MEMORIAL CLINIC,3,7.40801
Ashanti,GOD IS ABLE MATERNITY HOME,3,7.40801
Ashanti,AFRICAN DIASPORA CLINIC,3,7.40801
Ashanti,ROYAL MEDICAL AGENCY CLINIC (ANNEX),3,7.40801
Ashanti,HAPPY MATERNITY HOME,3,7.40801
Ashanti,MULTITECH MEDICAL CENTRE,3,7.40801
Ashanti,JOY MATERNITY HOME,3,7.40801
Ashanti,SAINT DE-GRAFT CLINIC,3,7.40801
Ashanti,DIVINE DESTINY MEDICAL CENTRE,3,7.40801
Ashanti,ST ANTHONY'S MATERNITY HOME,3,7.40801
Ashanti,STADIUM CLINIC,3,7.40801
Ashanti,ALL SOULS HOSPITAL AND LAB CENTRE LIMITED,3,7.40801
Ashanti,ERICA MATERNITY HOME,3,7.40801
Ashanti,ST. CECILIA MATERNITY HOME,3,7.40801
Ashanti,NKONTWIMA CLINIC,3,7.40801
Ashanti,ASBURY HOSPITAL AND FERTILITY CENTRE,3,7.40801
Ashanti,NEW LIFE MATERNITY HOME,3,7.40801
Ashanti,BELIEVERS MATERNITY HOME,3,7.40801
Ashanti,HISTOLAB DIAGNOSTIC CENTRE,3,7.40801
Ashanti,ROSE MATERNITY HOME,3,7.40801
Ashanti,ST JOSEPH CLINIC & MATERNITY HOME,3,7.40801
Ashanti,KAACHIRE CLINIC,3,7.40801
Ashanti,AMPOMAH MEMORIAL MATERNITY HOME,3,7.40801
Ashanti,ST ROSES MATERNITY HOME,3,7.40801
Ashanti,HILL TOP MATERNITY HOME,3,7.40801
Ashanti,MAAME - SER MATERNITY HOME,3,7.40801
Ashanti,ST LUKES HEALTH CENTRE,3,7.40801
Ashanti,SAVOIUR COMMUNITY CLINIC,3,7.40801
Ashanti,ST EDWARDS CLINIC,3,7.40801
Ashanti,ST EDWARDS CLINIC Dwinyama,3,7.40801
Ashanti,ST CECILIA MATERNITY HOME,3,7.40801
Ashanti,DISCOVERY DIANOSTIC CENTRE,3,7.40801
Ashanti,S.D.A CLINIC ANYINASUSO,3,7.40801
Ashanti,HOPE EXCHANGE MEDICAL CENTRE,3,7.40801
Ashanti,KAMA CLINIC ADUM,3,7.40801
Ashanti,BRAMUO MEDICAL CENTRE,3,7.40801
Ashanti,AMA NYAME MEMORIAL MEDICAL CENTRE,3,7.40801
Ashanti,AMANSIE CLINIC,3,7.40801
Ashanti,ADUM CLINIC,3,7.40801
Ashanti,ANANE - AYA CLINIC,3,7.40801
Ashanti,AMPABANIE CLINIC,3,7.40801
Ashanti,ALLEN CLINIC EYE - FIELD,3,7.40801
Ashanti,TRAVELLERS TRINITY CLINIC,3,7.40801
Ashanti,EMMANUEL MATERNITY HOME,3,7.40801
Ashanti,EYE ADOM MATERNITY,3,7.40801
Ashanti,ANIDASO CLINIC,3,7.40801
Ashanti,ANTWI'S MATERNITY HOME,3,7.40801
Ashanti,ANWIAM CLINIC,3,7.40801
Ashanti,ANWAIAM CLINIC,3,7.40801
Ashanti,CITY CENTRE CLINIC,3,7.40801
Ashanti,BOAKYE DANKWA MEMORIAL CLINIC,3,7.40801
Ashanti,CHARIY EYE CENTRE,3,7.40801
Ashanti,CHRISTAA CLINIC,3,7.40801
Ashanti,CHRIST OUR HOPE MATERNITY HOME,3,7.40801
Ashanti,ANGLICAN EYE CLINIC,3,7.40801
Ashanti,WESTEND CLINIC / HOSPITAL,3,7.40801
Ashanti,ANNIWAH MEDICAL CENTRE,3,7.40801
Ashanti,ASEDA CLINIC,3,7.40801
Ashanti,ALLEN UROLOGICAL & MEDICAL CLINIC,3,7.40801
Ashanti,ATASEMANSO CLINIC,3,7.40801
Ashanti,EMMAHATA HEALTH CLINIC & MATERNITY HOME,3,7.40801
Ashanti,PPAG CLINIC SUAME,3,7.40801
Ashanti,BENITO MENNI HEALTH CENTRE,3,7.40801
Ashanti,GLADYS MATERNITY HOME,3,7.40801
Ashanti,GLADYS OWUSU MATERNITY HOME,3,7.40801
Ashanti,GODS GLORY CLINIC,3,7.40801
Ashanti,MAMIE MATERNITY HOME,3,7.40801
Ashanti,MAMA TINA'S MATERNITY HOME,3,7.40801
Ashanti,MABA CLINIC,3,7.40801
Ashanti,KWESAMKOF CLINIC,3,7.40801
Ashanti,JETOA MATERNITY,3,7.40801
Ashanti,HUMBLE MATERNITY HOME,3,7.40801
Ashanti,HEALTHY CARE MEDICAL CENTRE,3,7.40801
Ashanti,GRACELAND CLINIC,3,7.40801
Ashanti,GOD'S GRACE MATERNITY HOME,3,7.40801
Ashanti,PRIMA MEDICAL CENTRE,3,7.40801
Ashanti,AFUA KOBI MATERNITY HOME,3,7.40801
Ashanti,COMFAP MATERNITY HOME,3,7.40801
Ashanti,CALVARY MATERNITY HOME,3,7.40801
Ashanti,KUMANING MEDICAL CENTRE,3,7.40801
Ashanti,MARY MATERNITY HOME,3,7.40801
Ashanti,MARBEN MATERNITY HOME,3,7.40801
Ashanti,MARBEN MATERNITY HOME,3,7.40801
Ashanti,LIVING WATERS MATERNITY HOME,3,7.40801
Ashanti,BETHEL MATERNITY HOME,3,7.40801
Ashanti,FAITH MATERNITY HOME,3,7.40801
Ashanti,DORA A.DONKOR MATERNITY HOME,3,7.40801
Ashanti,OBUASI DIAGNOSTIC CLINIC,3,7.40801
Ashanti,OFORIKROM CLINIC,3,7.40801
Ashanti,PRECISE SPECIALIST CLINIC LIMITED,3,7.40801
Ashanti,SHALOM MATERNITY HOME,3,7.40801
Ashanti,ROPH HEALTH CENTRE,3,7.40801
Ashanti,ST HELENA MATERNITY - ASOKWA,3,7.40801
Ashanti,ROYAL PLACE HOSPITAL AND MATERNITY HOME,3,7.40801
Ashanti,SKANTEX ULTRASOUND CENTRE,3,7.40801
Ashanti,NKAWIE CLINIC,3,7.40801
Ashanti,SPEKKS EYE CENTRE,3,7.40801
Ashanti,NAHGE CLINIC,3,7.40801
Ashanti,NAN FREMA MATERNITY HOME,3,7.40801
Ashanti,MULTI CLINIC,3,7.40801
Ashanti,NYAMA MATERNITY HOME,3,7.40801
Ashanti,REDHILL MEDICAL CENTRE,3,7.40801
Ashanti,WESTPHALIAN EYE CLINIC,3,7.40801
Ashanti,UNIQUE CARE MATERNITY HOME,3,7.40801
Ashanti,WHITE - STAR DENTAL CLINIC,3,7.40801
Ashanti,VICTORY MATERNITY HOME,3,7.40801
Ashanti,VICTORY IN CHRIST MATERNITY HOME,3,7.40801
Ashanti,THE QUEEN MATERNITY HOME,3,7.40801
Ashanti,PEACE LAND CLINIC,3,7.40801
Ashanti,PEACE AND COMFORT MATERNITY HOME,3,7.40801
Ashanti,POPE JOHN PAUL II MEDICAL CENTRE,3,7.40801
Ashanti,ST VINCENTS CLINIC,3,7.40801
Ashanti,ST AUGUSTINES CLINIC,3,7.40801
Ashanti,NA - CHARL CLINIC,3,7.40801
Ashanti,ANINWAA MEDICAL CENTRE ANEX,3,7.40801
Ashanti,QUALITY CARE CLINIC,3,7.40801
Ashanti,MAGAZINE CLINIC,3,7.40801
Ashanti,MOSHE ZONGO CLINIC,3,7.40801
Ashanti,AMOAH MEMORIAL CLINIC,3,7.40801
Ashanti,AKOKOASO HEALTH CENTRE,3,7.40801
Ashanti,EMMANUEL MEDICAL CENTRE,3,7.40801
Ashanti,JOBERT CLINIC,3,7.40801
Ashanti,JOMO MEDICAL CENTRE ADUM (ANNEX),3,7.40801
Ashanti,KUMASI DENTAL CLINIC,3,7.40801
Ashanti,JUABEN CLINIC,3,7.40801
Ashanti,GRACELAND CLINIC ANNEX,3,7.40801
Ashanti,HOPE CLINIC AMOAMANG,3,7.40801
Ashanti,LUHAKI MEDICAL CENTRE,3,7.40801
Ashanti,EVANT SPECIALIST CLINIC,3,7.40801
Ashanti,ABENKYIMAN CLINIC,3,7.40801
Ashanti,YAA AFRIYIE MEMORIAL CLINIC AND MATERNITY HOME,3,7.40801
Ashanti,AGAPE MEDICAL CENTRE,3,7.40801
Ashanti,ANYIMENS MATERNITY HOME,3,7.40801
Ashanti,BOMSO CLINIC,3,7.40801
Ashanti,PREMIUM QUALITY CLINIC,3,7.40801
Ashanti,BLESSED CHILD MATERNITY HOME,3,7.40801
Ashanti,BANTAMA HEALTH AND MATERNITY HOME,3,7.40801
Ashanti,WELLPOINT MEDICAL CENTRE,3,7.40801
Ashanti,MANWERE MEDICAL CENTRE,3,7.40801
Ashanti,ST ANTHONY'S CLINIC,3,7.40801
Ashanti,AMOAH AGYEMAN MEMORIAL MEDICAL and DIG CEN,3,7.40801
Ashanti,THREE STONES HEALTH SERVICE,3,7.40801
Ashanti,MEDUMA CLINIC/MATERNITY HOME,3,7.40801
Ashanti,DOVE - J HEALTH ORGANISATION,3,7.40801
Ashanti,CALVARY HEALTH SERVICES,3,7.40801
Ashanti,QUALITY HEALTH CARE LIMITED,3,7.40801
Ashanti,FRIMPONG BOATENG MEDICAL LTD,3,7.40801
Ashanti,AMAMATA MEMORIAL MAT HOME,3,7.40801
Ashanti,BABY PEAL MAT. HOME,3,7.40801
Ashanti,SISTER PHILIPA MARERNITY HOME,3,7.40801
Ashanti,ROSETH COMMUNITY EYE CARE,3,7.40801
Ashanti,PROFFSSIONAL MEDICS,3,7.40801
Ashanti,MARIE STOPES INTERNATIONAL,3,7.40801
Ashanti,MARIE STOPES INTERNATIONAL,3,7.40801
Ashanti,ROSETH COMMUNITY EYE CARE,3,7.40801
Ashanti,ADOM MMOROSO MAT HOME,3,7.40801
Ashanti,ROYAL LEWUZE MEDICAL,3,7.40801
Ashanti,OWUSUWAA MEMORIAL,3,7.40801
Ashanti,GHANA ADVENTIST HEALTH SERVICES,3,7.40801
Ashanti,MCKENZIE SPECIALIST HEALTH SERVICE,3,7.40801
Ashanti,ANANSE OFFIONSOMAN SPECIALIST,3,7.40801
Ashanti,AKROPONG MAT HOME,3,7.40801
Ashanti,AKOMAA MEMORIAL S D A,3,7.40801
Ashanti,ERNEST MEDICAL CENTER,3,7.40801
Ashanti,AHODWO NEW CROSS,3,7.40801
Ashanti,AWURADZE MAT HOME,3,7.40801
Ashanti,TOTAL GRACE WELLNESS CENTER,3,7.40801
Ashanti,BEKAMAS MEDILAB,3,7.40801
Ashanti,GARY MARUIN MEMORIAL,3,7.40801
Ashanti,FLORENCE MAT HOME,3,7.40801
Ashanti,MAAKRO COMMUNITY,3,7.40801
Ashanti,MAAME ROSE MAT HOME,3,7.40801
Ashanti,HOLY ROSARY MAT HOME,3,7.40801
Ashanti,QUALTY HEALTH CARE,3,7.40801
Ashanti,MADONNA HEALTH SERVICE,3,7.40801
Ashanti,KEFFAM HEALTH SERVICES,3,7.40801
Ashanti,EMENA DIAGNOSTIC CENTER,3,7.40801
Ashanti,METRO HEALTH SERVICES,3,7.40801
Ashanti,KWAKWA AMPADU MEMORIAL,3,7.40801
Ashanti,AYIWA MEMORIAL MAT. HOME,3,7.40801
Ashanti,COMFORT MAT HOME,3,7.40801
Ashanti,EYE AWURADE MAT HOME,3,7.40801
Ashanti,ST JOHN'S ASEMPA,3,7.40801
Ashanti,DIVINE MERCY HEALTH SERVICE,3,7.40801
Ashanti,SIS PHILLIPAH MAT HOME,3,7.40801
Ashanti,NANA AFUA KOBI,3,7.40801
Ashanti,TRINITY HEALTH CARE,3,7.40801
Ashanti,MAJERO MATETRNITY,3,7.40801
Ashanti,GOD IS ABLE SEPAASE,3,7.40801
Ashanti,HUTTEL HEALTH & DEVELOPMENT,3,7.40801
Ashanti,JILF HEALTH SERVICES,3,7.40801
Ashanti,OPENGATES HEALTH SERVICES,3,7.40801
Ashanti,RIGHT CARE HEALTH SERVICES LTD,3,7.40801
Ashanti,VIBRO MATERNITYU HOME,3,7.40801
Ashanti,HANDS OF GOD HEALTH SERVICES,3,7.40801
Ashanti,ST PETERS HEALTH CARE,3,7.40801
Ashanti,GLORYLINE DENTAL SERVICES,3,7.40801
Ashanti,ST MICHEAL'S HOSPITAL-PRAMSO,3,7.40801
Ashanti,SAQS HEALTHCARE SERVICES,3,7.40801
Ashanti,FOUNDATION HUMAN NUTURE,3,7.40801
Ashanti,DIVINE NETCARE HOSPITAL-KRONOM KYERASE,3,7.40801
Ashanti,AHWENE MEMPRIAL HOSPITAL-BEKWAI,3,7.40801
Ashanti,STRONG EYE CARE-ANLOGA JUNCTION OFORIKROM,3,7.40801
Ashanti,ASHANTI HOME MEDICARE PLUS,3,7.40801
Ashanti,RODS & CONES OPTICAL AND EYE CARE SERVICES,3,7.40801
Ashanti,NEWHORNS CONSULT LIMITED,3,7.40801
Greater Accra,KEMET HOSPITAL,2,7.40801
Greater Accra,TRINITY COMMUNITY HOSPITAL,2,7.40801
Greater Accra,ANTHON MEMORIAL HOSPITAL,2,7.40801
Greater Accra,MAXCURE HOSPITAL LIMITED,2,7.40801
Greater Accra,SPINTEX COMMUNITY HOSPITAL,2,7.40801
Greater Accra,AMOAH MEMORIAL HOSPITAL,2,7.40801
Greater Accra,DOVCAT FAMILY HOSPITAL,2,7.40801
Greater Accra,MEDIFEM WOMEN'S SPECIALIST HOSPITAL,2,7.40801
Greater Accra,OTOBIA MEMORIAL HOSPITAL,2,7.40801
Greater Accra,SUPREME TRUST COMMUNITY HOSPITAL,2,7.40801
Greater Accra,BARNOR MEMORIAL HOSPITAL,2,7.40801
Greater Accra,DANGME COMMUNITY HOSPITAL,2,7.40801
Greater Accra,GENERAL FAMILY HOSPITAL,2,7.40801
Greater Accra,THE ROCK HOSPITAL,2,7.40801
Greater Accra,TEMA WOMEN'S HOSPITAL,2,7.40801
Greater Accra,EDEN FAMILY HOSPITAL (ANNEX),2,7.40801
Greater Accra,PROTOCOL HOSPITAL,2,7.40801
Greater Accra,FAMILY HEALTH HOSPITAL,2,7.40801
Greater Accra,GREATER GRACE HOSPITAL,2,7.40801
Greater Accra,AFENYO MEMORIAL HOSPITAL,2,7.40801
Greater Accra,OBENFO HOSPITAL,2,7.40801
Greater Accra,MARY LUCY HOSPITAL,2,7.40801
Greater Accra,OPOKU WARE HOSPITAL,2,7.40801
Greater Accra,C & J MEDICARE HOSPITAL,2,7.40801
Greater Accra,SAPE AGBO MEMORIAL HOSPITAL,2,7.40801
Greater Accra,ROYAL MMR HOSPITAL,2,7.40801
Greater Accra,DEL INTERNATIONAL HOSPITAL,2,7.40801
Greater Accra,ASARE ODEI HOSPITAL,2,7.40801
Greater Accra,OAK STREET HOSPITAL,2,7.40801
Greater Accra,NADELA HOSPITAL,2,7.40801
Greater Accra,BEMUAH ROYAL HOSPITAL,2,7.40801
Greater Accra,EMMANUEL COMMUNITY HOSPITAL,2,7.40801
Greater Accra,LAPAZ COMMUNITY HOSPITAL ANEX,2,7.40801
Greater Accra,GAILEA HOSPITAL,2,7.40801
Greater Accra,LUCY MEMORIAL HOSPITAL,2,7.40801
Greater Accra,NORTH LEGON HOSPITAL,2,7.40801
Greater Accra,ZEBA EYE HOSPITAL,2,7.40801
Greater Accra,YEBOAH HOSPITAL,2,7.40801
Greater Accra,INTERNATIONAL MARITIME HOSPITAL,2,7.40801
Greater Accra,AIRPORT WOMEN HOSPITAL,2,7.40801
Greater Accra,HOLY DOVE HOSPITAL,2,7.40801
Greater Accra,THE ROCK HOSPITAL ANNEX,2,7.40801
Greater Accra,GENERA FAMILY HOSPITAL ANEX (ASHIAIMAN),2,7.40801
Greater Accra,ASHAIMAN CIMMUNITY HOSPITAL,2,7.40801
Greater Accra,LAPAZ COMMUNITY HOSPITAL,2,7.40801
Greater Accra,HOLY CARE SPECIALIST HOSPITAL,2,7.40801
Greater Accra,THE COMMUNITY HOSPITAL ASHONGMAN,2,7.40801
Greater Accra,PENTECOST HOSPITAL,2,7.40801
Greater Accra,BENGALI HOSPITAL COMPANY LIMITED,2,7.40801
Greater Accra,GENERAL FAMILY HOSPITAL,2,7.40801
Greater Accra,MAB INTERNATIONAL HOSPITAL,2,7.40801
Greater Accra,KING DAVID HOSPITAL,2,7.40801
Greater Accra,GRACE MEMORIAL HOSPITAL,2,7.40801
Greater Accra,DESERT HOSPITAL,2,7.40801
Greater Accra,SHUKURA COMMUNITY HOSPITAL,2,7.40801
Greater Accra,BETHEL HOSPITAL,2,7.40801
Greater Accra,SINEL SPECIALIST HOSPITAL,2,7.40801
Greater Accra,VICOM SPECIALIST HOSPITAL,2,7.40801
Greater Accra,DORA MEMORIAL HOSPITAL,2,7.40801
Greater Accra,LISTER HOSPITAL,2,7.40801
Greater Accra,SAM-J SPECIALIST HOSPITAL,2,7.40801
Greater Accra,JUBAIL SPECIALIST HOSPITAL,2,7.40801
Greater Accra,SAKUMONO COMMUNITY HOSPITAL,2,7.40801
Greater Accra,ESIDEM HOSPITAL,2,7.40801
Greater Accra,FATHER GRAHAM HOSPITAL,2,7.40801
Greater Accra,ST JOHNS GENERAL HOSPITAL LTD,2,7.40801
Greater Accra,LIGHTHOUSE MISSION HOSPITAL,2,7.40801
Greater Accra,NARH - BITA HOSPITAL,2,7.40801
Greater Accra,ABA HOSPITAL TARKWA,2,7.40801
Greater Accra,URGENT CARE HOSPITAL,2,7.40801
Greater Accra,A & M MEMORIAL HOSPITAL,2,7.40801
Greater Accra,DANGME WEST HOSPITAL COMPLEX,2,7.40801
Greater Accra,OBAATANPA WOMEN'S HOSPITAL,2,7.40801
Greater Accra,37 MILITARY HOSPITAL,2,7.40801
Greater Accra,ST BERNARD FAMILY HOSPITAL,2,7.40801
Greater Accra,SKYVIEW HOSPITAL,2,7.40801
Greater Accra,AIRPORT WOMEN'S HOSPITAL - ADENTA,2,7.40801
Greater Accra,MOUNTAIN VIEW COMMUNITY HOSPITAL,2,7.40801
Greater Accra,GREEN LAWN HOSPITAL LIMITED,2,7.40801
Greater Accra,C & J MEDICARE HOSPITAL & DIAGNOSTIC CENTRE-LASHIBI,2,7.40801
Greater Accra,FENING CLINIC,3,7.40801
Greater Accra,NEW CRYSTAL,3,7.40801
Greater Accra,NEW CRYSTAL SSERVICES KAKASUNAKA,3,7.40801
Greater Accra,ADONAI MATERNITY HOME AND CLINIC,3,7.40801
Greater Accra,DENTOC DENTAL CLINIC,3,7.40801
Greater Accra,HAMM'S CLINIC,3,7.40801
Greater Accra,EDUMAH MEMORIAL HEALTH CENTRE,3,7.40801
Greater Accra,FZ SAFETY AND HEALTH CENTRE,3,7.40801
Greater Accra,BLOOMINGDALE MEDICAL CENTRE,3,7.40801
Greater Accra,PRIME CARE MEDICAL SERVICES LIMITED,3,7.40801
Greater Accra,ADWOA BOATEMAA MEMORIAL CLINIC,3,7.40801
Greater Accra,PRILWAY SPECIALIST CLINIC,3,7.40801
Greater Accra,ARMAH MEMORIAL HEALTH CARE,3,7.40801
Greater Accra,SONA TECH MEDICAL AND DIAGNOSTIC CENTRE,3,7.40801
Greater Accra,TOTAL HOUSE CLINIC A & C MALL,3,7.40801
Greater Accra,ACCRA POLYTECNIC CLINIC,3,7.40801
Greater Accra,ASANTEWAA'S MATERNITY HOME,3,7.40801
Greater Accra,AKAI HOUSE CLINIC,3,7.40801
Greater Accra,FAMILY MATERNITY AND CLINIC,3,7.40801
Greater Accra,NEW CRYSTAL HEALTH SERVICES Adjei-Kojo Tema,3,7.40801
Greater Accra,MODERN CARE CLINIC LIMITED,3,7.40801
Greater Accra,EASTWING CLINIC LIMITED,3,7.40801
Greater Accra,COMMUNITY CLINIC & CHEMIST LIMITED,3,7.40801
Greater Accra,GIESABI MATERNITY HOME,3,7.40801
Greater Accra,LEMOND MEDICAL CENTRE,3,7.40801
Greater Accra,BANK OF GHANA,3,7.40801
Greater Accra,ASHESI UNIVERSITY HEALTH CENTRE,3,7.40801
Greater Accra,ARK CLINIC,3,7.40801
Greater Accra,STEPHEN BREEN MEMORIAL CLINIC,3,7.40801
Greater Accra,THE COMMUNITY SPECIALIST MEDICAL CENTRE,3,7.40801
Greater Accra,ACCRA KIDNEY CLINIC LIMITED,3,7.40801
Greater Accra,ST. MINA'S CLINIC,3,7.40801
Greater Accra,AL - AYAR CLINIC and MATERNITY HOME,3,7.40801
Greater Accra,MALWIN MEDICAL AND DENTAL CENTRE,3,7.40801
Greater Accra,FRANKLYN MEDICAL SERVICES,3,7.40801
Greater Accra,AHAMADIYA MUSLIM HEALTH SERVICES,3,7.40801
Greater Accra,ALL FAITH MEDICAL CLINIC,3,7.40801
Greater Accra,BOSWAN HEALTH CLINIC,3,7.40801
Greater Accra,GLADGABE MATERNITY HOME,3,7.40801
Greater Accra,MEDINET CARE INTERNATIONAL,3,7.40801
Greater Accra,QUANTUM TOTAL WELLNESS CENTRE,3,7.40801
Greater Accra,SPEED CLINIC,3,7.40801
Greater Accra,OPTIMUM MEDICAL CLINIC,3,7.40801
Greater Accra,ECCLESIA MEDICAL OUTREACH CENTRE,3,7.40801
Greater Accra,AFRICA MEDICAL CENTRE,3,7.40801
Greater Accra,ACACIA MEDICAL CENTRE,3,7.40801
Greater Accra,KANESHIE MEDICAL CENTRE,3,7.40801
Greater Accra,MEDI PRIME HEALTH SERVICES,3,7.40801
Greater Accra,GHANUBA SPECIALIST CLINIC,3,7.40801
Greater Accra,GOLDEN AGE MEDICAL CENTRE,3,7.40801
Greater Accra,PRINEL MEDICAL CENTRE,3,7.40801
Greater Accra,KAE DENTAL CLINIC,3,7.40801
Greater Accra,PEACE BE CONSULTANCY / CLINIC,3,7.40801
Greater Accra,E. M AYISI MEDICAL CENTER,3,7.40801
Greater Accra,KWARTENG MEDICAL CENTRE,3,7.40801
Greater Accra,INTERNATIONAL ORGANIZATION FOR MIGRATION (IOM),3,7.40801
Greater Accra,FRANBEL CLINIC LIMITED,3,7.40801
Greater Accra,SUNSHINE HEALTHCARE LIMITED,3,7.40801
Greater Accra,B & D MEDICAL LABORATORY,3,7.40801
Greater Accra,GLENOF MATERNITY AND WOMEN CLINIC,3,7.40801
Greater Accra,OASIS CLINIC LTD,3,7.40801
Greater Accra,ALICE DANSO CLINIC,3,7.40801
Greater Accra,HOUSE OF ST FRANCIS,3,7.40801
Greater Accra,E.M MEDICAL CENTRE,3,7.40801
Greater Accra,TEMA RABITO HEALTH CLINIC,3,7.40801
Greater Accra,IRAN CLINIC,3,7.40801
Greater Accra,NOBLE SPRING CLINIC,3,7.40801
Greater Accra,3M & C HEALTH SYSTEMS,3,7.40801
Greater Accra,IMPACT MEDICAL AND DIAGNOSTIC CENTRE,3,7.40801
Greater Accra,MAAME KATEINA MEMORIAL HEALTH CENTRE,3,7.40801
Greater Accra,DUA CLINIC,3,7.40801
Greater Accra,HEALTH SCREEN GHANA LTD,3,7.40801
Greater Accra,QUALITY HEALTH CLINIC,3,7.40801
Greater Accra,JEHOVAH RAPHA CLINIC,3,7.40801
Greater Accra,LAKE SIDE CLINIC,3,7.40801
Greater Accra,ATLANTIS CLINIC,3,7.40801
Greater Accra,TEMA CHRISTIAN EYE CENTRE,3,7.40801
Greater Accra,ODORNA CLINIC,3,7.40801
Greater Accra,CITADEL CLINIC,3,7.40801
Greater Accra,RESURRECTION POWER MATERNITY HOME,3,7.40801
Greater Accra,VINE MEDICAL CENTRE,3,7.40801
Greater Accra,GHANA ATOMIC ENERGY COMMISSION CLINIC,3,7.40801
Greater Accra,ROYAL STAR CLINIC,3,7.40801
Greater Accra,TUDU FRONT LINE CLINIC,3,7.40801
Greater Accra,HEALTH CARE NETWORK LTD,3,7.40801
Greater Accra,THE MALL CLINIC,3,7.40801
Greater Accra,BLUE VALLEY SPECIALIST MEDICAL CENTRE,3,7.40801
Greater Accra,SHARON MATERNITY HOME,3,7.40801
Greater Accra,COCOA CLINIC,3,7.40801
Greater Accra,CARE FIRST HEALTH SERVICES,3,7.40801
Greater Accra,STELTN FAMILY DENTAL CLINIC,3,7.40801
Greater Accra,SWEDEN GHANA MEDICAL CENTRE,3,7.40801
Greater Accra,COMMUNITY HEALTH CARE AND SERVICES LTD,3,7.40801
Greater Accra,RAPID HEALTH CARE MATERNITY HOME,3,7.40801
Greater Accra,THE BRAIN CLINIC,3,7.40801
Greater Accra,MEDI - MOSES CLINIC AND HERBAL CENTRE,3,7.40801
Greater Accra,BJ MEDICAL CENTRE LIMITED,3,7.40801
Greater Accra,CEDARS MEDICAL CENTRE LIMITED,3,7.40801
Greater Accra,VRA CLINIC (OSU),3,7.40801
Greater Accra,CONSTRUTORA O. A. S CLINIC,3,7.40801
Greater Accra,NEW CRYSTAL HEALTH SERVICES (ASHAIMAN),3,7.40801
Greater Accra,NEW CRYSTAL HEALTH SERVICES (ADJEI KOJO),3,7.40801
Greater Accra,NYAHO MEDICAL CENTRE,3,7.40801
Greater Accra,EDITH'S MATERNITY HOME ANNEX,3,7.40801
Greater Accra,GHANA CANADA MEDICAL CENTRE,3,7.40801
Greater Accra,METROPOLITAN MEDICAL CENTRE COMPLEX,3,7.40801
Greater Accra,SUNRISE MEDICAL CENTRE,3,7.40801
Greater Accra,ACCRA MEDICAL CENTRE,3,7.40801
Greater Accra,ROBERT MARTIN CHILDREN CLINIC,3,7.40801
Greater Accra,ROYAL GOOD SHEPERD MEDICAL CENTRE,3,7.40801
Greater Accra,EMPAT - CAIQUA MEDICAL CENTRE,3,7.40801
Greater Accra,LIZZIE'S CLINIC AND MATERNITY HOME,3,7.40801
Greater Accra,CENTRAL DANSOMAN CLINIC,3,7.40801
Greater Accra,ROYAL STAR CLINIC & LAB SERVICES,3,7.40801
Greater Accra,MARTIN MEMORIAL MATERNITY HOME / HOSPITAL,3,7.40801
Greater Accra,THERESA'S CLINIC LIMITED,3,7.40801
Greater Accra,SAMALIA CLINIC,3,7.40801
Greater Accra,EMMANUEL EYE MEDICAL CENTRE,3,7.40801
Greater Accra,NEW EDEN MATERNITY HOME,3,7.40801
Greater Accra,NORTH LABONE DENTAL CLINIC,3,7.40801
Greater Accra,SUNCITY MEDICAL CENTER,3,7.40801
Greater Accra,CLUB ROAD CLINIC,3,7.40801
Greater Accra,CATHEDRAL CLINIC AND LAB LTD,3,7.40801
Greater Accra,TOTAL HOUSE CLINIC A & C MALL,3,7.40801
Greater Accra,FORESIGHT PLUS CLINIC,3,7.40801
Greater Accra,EXCEL DENTAL CLINIC,3,7.40801
Greater Accra,DAMSIDE CLINIC & MATERNITY HOME,3,7.40801
Greater Accra,GHANA POST CLINIC,3,7.40801
Greater Accra,MEGAVEST MEDICAL CENTRE,3,7.40801
Greater Accra,MAB MEDICARE CENTRE,3,7.40801
Greater Accra,ST NICHOLAS MEDICAL CENTRE,3,7.40801
Greater Accra,PAT'S MATERNITY HOME,3,7.40801
Greater Accra,MECHANICAL LLOYD INDUSTRIAL CLINIC,3,7.40801
Greater Accra,DELA CLINIC - MADINA,3,7.40801
Greater Accra,WEST AFRICAN RESCUE ASSOCIATION CLINIC - LABONE,3,7.40801
Greater Accra,ACRECITY MEDICS,3,7.40801
Greater Accra,BOB FREEMAN CLINIC,3,7.40801
Greater Accra,BUDGET MEDICAL CENTRE,3,7.40801
Greater Accra,ROBERT MARTIN CHILDREN CLINIC,3,7.40801
Greater Accra,VOICE OF THE LORD CLINIC,3,7.40801
Greater Accra,CHALTON CLINIC,3,7.40801
Greater Accra,MERCY MATERNITY HOME,3,7.40801
Greater Accra,MERCY MATERNITY CLINIC,3,7.40801
Greater Accra,RAPHEL MEDICAL CENTRE,3,7.40801
Greater Accra,MAB INTERNATIONAL HOSPITAL-ANNEX,3,7.40801
Greater Accra,ADAM FAMILY MATERNITY HOME,3,7.40801
Greater Accra,ZAK-MED CLINIC,3,7.40801
Greater Accra,MEDICLINIC LTD ADANTA,3,7.40801
Greater Accra,MERCY ANA MATERNITY HOME,3,7.40801
Greater Accra,IDMIS INTERGRATED DIAG MOLECULAR IMAGING SERVICE LIMITED,3,7.40801
Greater Accra,GASTROINTESTINAL DISEASE AND ENDOSCOPY CENTRE LIMITED,3,7.40801
Greater Accra,ST LUKE'S CLINIC,3,7.40801
Greater Accra,A& A MEDLOVE MEDICAL CENTRE LTD,3,7.40801
Greater Accra,HOLY TRINITY MEDICAL CENTRE,3,7.40801
Greater Accra,FAITH EVANLISGAL MISSION CLINIC,3,7.40801
Greater Accra,DR EUSTACE AKWWEI MEMORIAL CLINIC,3,7.40801
Greater Accra,GA PRESBYTERY CLINIC,3,7.40801
Greater Accra,UNIMED CLINIC,3,7.40801
Greater Accra,CITADEL CLINIC ANNEX,3,7.40801
Greater Accra,KNIGHT SMILE DENTAL CENTRE,3,7.40801
Greater Accra,INTERNATIONAL HEALTH CARE,3,7.40801
Greater Accra,MOTHER LOVE,3,7.40801
Greater Accra,SEAVIEW CLINIC AND MEDICAL LABORATORY,3,7.40801
Greater Accra,ST ANTHONY CLINIC,3,7.40801
Greater Accra,BAHIA DENTAL CLINIC,3,7.40801
Greater Accra,NOTH RIDGE CLINIC,3,7.40801
Greater Accra,GODLY FAVOURED EYE CARE CENTRE LAPAZ,3,7.40801
Greater Accra,GODLY FAVOURED EYE CARE CENTRE TESANO,3,7.40801
Greater Accra,PASSION CLINIC,3,7.40801
Greater Accra,G T P CLINIC TEMA,3,7.40801
Greater Accra,KINDER PARADISE,3,7.40801
Greater Accra,BRAMUO MEDICAL CENTRE,3,7.40801
Greater Accra,LABADI ROAD DENTAL CLINIC,3,7.40801
Greater Accra,DOCTORS ON DUTY,3,7.40801
Greater Accra,S&S MEDICAL CENTRE,3,7.40801
Greater Accra,DOME COMMUNITY / EYE CLINIC,3,7.40801
Greater Accra,ZION CLINIC AND MATERNITY HOME,3,7.40801
Greater Accra,1ST FOUNDATION CLINIC,3,7.40801
Greater Accra,TREE OF LIFE CLINIC,3,7.40801
Greater Accra,MADLEY MEDICAL CENTRE,3,7.40801
Greater Accra,BY HIS GRACE CLINIC AND MAT ERNITY HOME,3,7.40801
Greater Accra,ORBIT HEALTHCARE SERVICES,3,7.40801
Greater Accra,TRUST CLINIC ADENTA,3,7.40801
Greater Accra,TRUST CLINIC TEMA,3,7.40801
Greater Accra,TRUST CLINIC SAKUMONO,3,7.40801
Greater Accra,GAK CLINIC,3,7.40801
Greater Accra,PRO LIFE MEDICAL CENTRE,3,7.40801
Greater Accra,HEALTH LINK,3,7.40801
Greater Accra,JESUS IS SAVIOUR JIS HEALTH CENTRE,3,7.40801
Greater Accra,SATELLITE MATERNITY HOME,3,7.40801
Greater Accra,ZOE ROYAL CLINIC,3,7.40801
Greater Accra,JOSA CLINIC LIMITED,3,7.40801
Greater Accra,OBAAHEMA MEMORIAL CLINIC,3,7.40801
Greater Accra,CITY OF HOPE MEDICAL COMPLEX,3,7.40801
Greater Accra,TRANTRA COMMUNITY CLINIC,3,7.40801
Greater Accra,ALL CARE MEDICAL CENTRE Llimited,3,7.40801
Greater Accra,MARIE STOPES KOKOMLEMLE,3,7.40801
Greater Accra,MARIE STOPES TEMA NEW - TOWN,3,7.40801
Greater Accra,MARIE STOPES ASHIAMAN,3,7.40801
Greater Accra,ANKAM MEDICAL CENTRE LIMITED,3,7.40801
Greater Accra,EBENEZER CLINIC,3,7.40801
Greater Accra,KING DAVID MEDICAL CENTRE,3,7.40801
Greater Accra,DZIRAM EYE CLINIC,3,7.40801
Greater Accra,DIVINE GRACE CLINIC & MATERNITY HOME,3,7.40801
Greater Accra,EFAN VICTORY CLINIC,3,7.40801
Greater Accra,KWARTENG MEDICAL CENTRE LIMITED,3,7.40801
Greater Accra,PRESYTERIAN CHURCH,3,7.40801
Greater Accra,BUSY BITE LIMIITED,3,7.40801
Greater Accra,LENA HEALTH SERVICES,3,7.40801
Greater Accra,NYAME BEKYERE MAT HOME,3,7.40801
Greater Accra,MARANATHA HEALTH SERVICES,3,7.40801
Greater Accra,P A HEALTH LIMITED,3,7.40801
Greater Accra,SOLIS MEDICAL CENTRE,3,7.40801
Greater Accra,NUFFIED CLINIC OSU - RE,3,7.40801
Greater Accra,PRINCE OF PEACE,3,7.40801
Greater Accra,STAR OF HOPE MEDICAL CENTRE,3,7.40801
Greater Accra,SAMSED MEDICAL AND HEALTHCARE LIMITED,3,7.40801
Greater Accra,DIVINE PEACE MATERNITY,3,7.40801
Greater Accra,FAMILY HEALTH CLINIC,3,7.40801
Greater Accra,PHILIPS CLINIC EAST CANTOMENT,3,7.40801
Greater Accra,ADENTA CLINIC,3,7.40801
Greater Accra,ALL SOULS CLINIC,3,7.40801
Greater Accra,ABUNYEWA MEDICAL CLINIC,3,7.40801
Greater Accra,ADA COASTAL PROTECTION CLINIC,3,7.40801
Greater Accra,AKCESS DENTAL CLINIC AND GYNAECOLOYG,3,7.40801
Greater Accra,ANEEJA CLINIC,3,7.40801
Greater Accra,PARADICE DIAGNOSTIC CENTRE,3,7.40801
Greater Accra,ABODWE CLINIC,3,7.40801
Greater Accra,ST ANDREWS CATHOLIC CLINIC,3,7.40801
Greater Accra,MIRACLE ROCK MEDICAL CENTRE,3,7.40801
Greater Accra,ASEDA MATERNITY HOME,3,7.40801
Greater Accra,ATAA QUARHSIE MORTON,3,7.40801
Greater Accra,DKT INTERNATIONAL( LYDIA CARE CENTRE,3,7.40801
Greater Accra,REHOBOTH MATERNITY & CLINIC,3,7.40801
Greater Accra,AMANDA'S MATERNITY HOME,3,7.40801
Greater Accra,ST ANDREWS CLINIC,3,7.40801
Greater Accra,PRIMA HEALTH SERVICES BAATSONA-SPENTEX,3,7.40801
Greater Accra,BAATSONA GOOD SHERPERD CLINIC,3,7.40801
Greater Accra,CALVARY CROSS CLINIC,3,7.40801
Greater Accra,AROMA DENTAL,3,7.40801
Greater Accra,CHRISTIAN PROFESSIONAL FELLOWSHIP CLINIC,3,7.40801
Greater Accra,ST MARY'S MATERNITY HOME,3,7.40801
Greater Accra,KEEP SMILING CLINIC,3,7.40801
Greater Accra,DANPONG GROUP,3,7.40801
Greater Accra,ASAMOA CLINIC,3,7.40801
Greater Accra,CENTRE FOR NEUROLOGY MEDICINE AND SURGERY,3,7.40801
Greater Accra,AIRPORT CLINIC LIMITED,3,7.40801
Greater Accra,ABABIO MEMORIAL CLINIC,3,7.40801
Greater Accra,EGON GERMAN,3,7.40801
Greater Accra,AMAGANAA CLINIC,3,7.40801
Greater Accra,JOY FAMILY HEALTH CARE SANTA,3,7.40801
Greater Accra,LAFIYA CLINIC LIMITED,3,7.40801
Greater Accra,N.M'S DENTAL,3,7.40801
Greater Accra,GREENVILLE CLINIC,3,7.40801
Greater Accra,HAJJ ABDULAI YARO MEMORIAL CLINIC & MAT HOME,3,7.40801
Greater Accra,PPAG CARE CLINIC,3,7.40801
Greater Accra,NOSTRA KLINIC,3,7.40801
Greater Accra,KPONE HEALTH CENTER,3,7.40801
Greater Accra,SANDFORD WOLD CLINIC - KOFIKOPE,3,7.40801
Greater Accra,GLORIA MEMORIAL CLINIC / MATERNITY,3,7.40801
Greater Accra,LAGOON CLINIC,3,7.40801
Greater Accra,INTER - STAR EYE CLINIC & LASER CENTRE,3,7.40801
Greater Accra,ST MINA'S CLINIC - OFFICIAL TOWN,3,7.40801
Greater Accra,ATLANTIS CLINIC,3,7.40801
Greater Accra,HARMONY MATERNITY HOME,3,7.40801
Greater Accra,MARK'S DENTAL CLINIC,3,7.40801
Greater Accra,GREENHOUSE CLINIC AND DIAGNOSTIC CENTRE,3,7.40801
Greater Accra,HEALTH ALLIANZ CLINIC LIMITED,3,7.40801
Greater Accra,JOANA CLINIC,3,7.40801
Greater Accra,CHARISMA DENTAL CLINIC,3,7.40801
Greater Accra,ASBE DENTAL CLINIC,3,7.40801
Greater Accra,FAITH MEDICAL CENTRE,3,7.40801
Greater Accra,COY PAEDIATRIC CLINIC,3,7.40801
Greater Accra,CONCERN CLINIC,3,7.40801
Greater Accra,SANFORD WORLD CLINIC,3,7.40801
Greater Accra,DALTON CLINIC,3,7.40801
Greater Accra,MISSION CLINIC LIMITED,3,7.40801
Greater Accra,PING KANG CLINIC,3,7.40801
Greater Accra,IRIS OPTOMETRIC PRACTICE,3,7.40801
Greater Accra,MAPS FAMILY PLANNING CENTRE,3,7.40801
Greater Accra,HEALTHWISE MEDICAL CENTRE,3,7.40801
Greater Accra,GHANA CEMENT WORKS GHANA,3,7.40801
Greater Accra,HILL TOP CLINIC,3,7.40801
Greater Accra,MOTHER OF GOD,3,7.40801
Greater Accra,MARIANA CLINIC,3,7.40801
Greater Accra,GRAPHIC COMMINICATION GROUP LIMITED,3,7.40801
Greater Accra,HEALTH STAR CLINIC,3,7.40801
Greater Accra,HAJIA DAMATA CLINIC/MATERNITY HOME,3,7.40801
Greater Accra,GODIA CLINIC,3,7.40801
Greater Accra,MIDWAY CLINIC,3,7.40801
Greater Accra,GLORIA MEMORIAL CLINIC / MATERNITY - DANSOMAN,3,7.40801
Greater Accra,MAXBETH MATERNITY HOME,3,7.40801
Greater Accra,MOTHER OF LOVE,3,7.40801
Greater Accra,NATION BULDERS MATERNITY HOME,3,7.40801
Greater Accra,MOUNT SINAI CLINIC,3,7.40801
Greater Accra,M &D CLINIC LIMITED,3,7.40801
Greater Accra,MOTHERS PRIDE CLINIC AND MATERNITY HOME,3,7.40801
Greater Accra,DAWHENYA MEDICAL CENTRE,3,7.40801
Greater Accra,TOTAL CLINIC (ANNEX) TUDU,3,7.40801
Greater Accra,TOTAL HOUSE CLINIC / ADABRAKA,3,7.40801
Greater Accra,SWANZY MEDICAL CENTRE,3,7.40801
Greater Accra,SWAN CLINIC,3,7.40801
Greater Accra,VIVA CHILDREN MEDICAL,3,7.40801
Greater Accra,ST FLORENCE CLINIC,3,7.40801
Greater Accra,SPECIALIST HOSPITAL & FAMILY PLANNING CENTRE,3,7.40801
Greater Accra,SOMPA MEDICAL SERVICES,3,7.40801
Greater Accra,SOS CHILDREN'S VILLAGE,3,7.40801
Greater Accra,VICTORIA MEMORIAL CLINIC,3,7.40801
Greater Accra,ST BANABAS FAMILY CLINIC,3,7.40801
Greater Accra,SUHUYINI MATERNITY,3,7.40801
Greater Accra,SULEMANA MEMORIAL,3,7.40801
Greater Accra,C AND J MEDICARE,3,7.40801
Greater Accra,BRAZZA MATERNITY,3,7.40801
Greater Accra,B'S MATERNITY HOME,3,7.40801
Greater Accra,BLOSSOM HEALTH CARE MATERNITY & HOME,3,7.40801
Greater Accra,HEALTH GATE CLINIC,3,7.40801
Greater Accra,SWAN CLINIC,3,7.40801
Greater Accra,SUPERIOR MEDICAL CENTRE,3,7.40801
Greater Accra,BETMIS MATERNITY HOME ( ANNEX),3,7.40801
Greater Accra,BETMIS MATERNITY HOME,3,7.40801
Greater Accra,BETH'S CLINIC,3,7.40801
Greater Accra,BLESSINGS CLINIC LIMITED,3,7.40801
Greater Accra,VEBS MEDICAL CENTRE,3,7.40801
Greater Accra,TOPPCARE CLINIC,3,7.40801
Greater Accra,VAN MEDICAL CENTRE,3,7.40801
Greater Accra,UNILEVER CLINIC TEMA,3,7.40801
Greater Accra,TAIFA MEDICAL CENTRE,3,7.40801
Greater Accra,DANPONG CLINIC,3,7.40801
Greater Accra,CRYSTAL EYE CLINIC,3,7.40801
Greater Accra,CLARON HEALTH INTERNATIONAL,3,7.40801
Greater Accra,SIGHT FOR AFRICA,3,7.40801
Greater Accra,ZOTI MEDICAL CENTRE,3,7.40801
Greater Accra,SILVER SPRINGS SPECIALIST CLINIC,3,7.40801
Greater Accra,NEW CROSS CLINIC,3,7.40801
Greater Accra,ECCLESIA CLINIC,3,7.40801
Greater Accra,EME'S MATERNITY HOME,3,7.40801
Greater Accra,ROYAL MEDICAL AGENCY,3,7.40801
Greater Accra,ECCLESIA MEDICAL & EYE CENTRE,3,7.40801
Greater Accra,ST LUCIA CLINIC,3,7.40801
Greater Accra,HAMDALLAH CLINIC,3,7.40801
Greater Accra,SHALOM MEDICAL SERVICES,3,7.40801
Greater Accra,MOTORWAY CLINIC,3,7.40801
Greater Accra,HIGHWAY DENTAL CLINIC,3,7.40801
Greater Accra,HANSON MEMORIAL MEDICAL,3,7.40801
Greater Accra,HOBATS CLINIC,3,7.40801
Greater Accra,OPMANN CLINIC,3,7.40801
Greater Accra,ERIC HEYMAN MEMORIAL CLINIC,3,7.40801
Greater Accra,NEWSTAR EAR CENTRE,3,7.40801
Greater Accra,ROSE BETTER MATERNITY HOME,3,7.40801
Greater Accra,OYOKO CLINIC,3,7.40801
Greater Accra,NYAME ADOM MATERNITY HOME,3,7.40801
Greater Accra,OMARI MEDICAL CENTRE,3,7.40801
Greater Accra,OKANTA MEMORIAL CLINIC,3,7.40801
Greater Accra,OBEYEYIE MEDICAL CENTRE-AMASAMAN,3,7.40801
Greater Accra,LEONARDO MEMORIAL CLINIC,3,7.40801
Greater Accra,DELTA CLINIC,3,7.40801
Greater Accra,HEBRON MATERNITY HOME LIMITED,3,7.40801
Greater Accra,AYIFUA CLINIC,3,7.40801
Greater Accra,RABENRICH MATERNITY HOME,3,7.40801
Greater Accra,RAHMA MATERNITY AND CLINIC,3,7.40801
Greater Accra,JUBILEE MATERNITY HOME,3,7.40801
Greater Accra,JIREH EYE CLINIC,3,7.40801
Greater Accra,RABITO CLINIC-OSU,3,7.40801
Greater Accra,POKU MEMORIAL DENTAL CLINIC,3,7.40801
Greater Accra,EL-SHADDAI MATERNITY AND CLINIC,3,7.40801
Greater Accra,LAKEVIEW MEDICAL CENTRE,3,7.40801
Greater Accra,FOUNDATION FOR ORTHOPAEDICS AND COMPLEX SPINE(FOCOS),3,7.40801
Greater Accra,ROPH HEALTH CENTRE,3,7.40801
Greater Accra,RINAT CLINIC LIMITED,3,7.40801
Greater Accra,FINNEY HOSPITAL AND FERTILITY CENTRE,3,7.40801
Greater Accra,FINGER OF GOD,3,7.40801
Greater Accra,ROBERT MARTIN MEMORIAL CLINIC BAATSONA,3,7.40801
Greater Accra,SEVENTH DAY ADVENTIST HOSPITAL-NEW GBAWE,3,7.40801
Greater Accra,SALEM EYE CENTRE,3,7.40801
Greater Accra,QUALITY CARE MEDICAL CLINIC,3,7.40801
Greater Accra,ESIDEM MEDICAL CENTRE,3,7.40801
Greater Accra,PORT MEDICAL CENTRE,3,7.40801
Greater Accra,LAURA'S MATERNITY HOME,3,7.40801
Greater Accra,LIFE HEALTHCARE CLINIC,3,7.40801
Greater Accra,LABONE FAMILY CLINIC,3,7.40801
Greater Accra,FELIDAN MATERNITY HOME,3,7.40801
Greater Accra,PARADISE MATERNITY HOME,3,7.40801
Greater Accra,REJOSH WOMEN'S CLINIC,3,7.40801
Greater Accra,SEFAM CLINIC LIMITED,3,7.40801
Greater Accra,LARICAI MEDICAL CENTRE,3,7.40801
Greater Accra,LEBANON COMMUNITY CLINIC,3,7.40801
Greater Accra,DUNAMIS MATERNITY HOME,3,7.40801
Greater Accra,ST MARY'S MATERNITY HOME,3,7.40801
Greater Accra,EYE LINK CLINIC,3,7.40801
Greater Accra,HOPE MEADOWE CLINIC,3,7.40801
Greater Accra,RESOLVE MEDICAL SERVICES,3,7.40801
Greater Accra,CERICA DIAGNOSTIC SERVICES,3,7.40801
Greater Accra,MAX-MUM CARE PLUS,3,7.40801
Greater Accra,EL-BETHEL MATERNITY HOME,3,7.40801
Greater Accra,GRACE MEMORIAL HEALTH CENTRE,3,7.40801
Greater Accra,Y&B MATERNITY SERVICES LIMITED,3,7.40801
Greater Accra,ASEIDU WONTUMI CLINIC,3,7.40801
Greater Accra,DIVINE GROUP INTERNATIONAL,3,7.40801
Greater Accra,AFRICAN CONCRETE PRODUCT LIMITED,3,7.40801
Greater Accra,MAMPROBI POLYCLINIC,3,7.40801
Greater Accra,THIRD EYECARE AND VISION CENTRE LIMITED,3,7.40801
Greater Accra,BETHESDA POOL CLINIC,3,7.40801
Greater Accra,A C P CLINIC,3,7.40801
Greater Accra,ST MATTHEWS CLINIC,3,7.40801
Greater Accra,MEDFOCUS INTERNATIONAL,3,7.40801
Greater Accra,INTERNATIONAL MEDICAL & DENTAL CLINIC,3,7.40801
Greater Accra,ST THOMAS EYE CLINIC,3,7.40801
Greater Accra,DARBEM CLINIC,3,7.40801
Greater Accra,HOLYCROSS CLININC&MATERNITY HOME,3,7.40801
Greater Accra,EXCUTIVE HEARTH CENTRE,3,7.40801
Greater Accra,BRAINWAVE CLINIC,3,7.40801
Greater Accra,PAMA CLINIC LIMITED,3,7.40801
Greater Accra,DEKO MEDICAL CENTRE,3,7.40801
Greater Accra,TULAKO HEALTH CENTRE,3,7.40801
Greater Accra,JERICHO HEALTH CENTRE,3,7.40801
Greater Accra,ERECTILE DYSFUNCTION CENTRE GHANA,3,7.40801
Greater Accra,TRINITTY HEALTHCARE SERVICES,3,7.40801
Greater Accra,SPRING HEALTH DIAGNOSTICS LIMITED,3,7.40801
Greater Accra,NESTLE GHANA FACTORY CLINIC,3,7.40801
Greater Accra,OLIVE HEALTH PHYSICIANS AND SURGEONS GROUP,3,7.40801
Greater Accra,GREENHILLS MEDICAL CENTRE,3,7.40801
Greater Accra,CDH MEDICAL CENTRE LIMITED,3,7.40801
Greater Accra,DOKU MEMORIAL CLINIC,3,7.40801
Greater Accra,G.P.H.A CLINIC,3,7.40801
Greater Accra,N.I.B CLINIC,3,7.40801
Greater Accra,NEW HORIZONS MEDICAL CENTRE,3,7.40801
Greater Accra,HISTOLAB DIAGNOSTICS LIMITED,3,7.40801
Greater Accra,DASHEN OPTICIAN LIMITED,3,7.40801
Greater Accra,RESPIRATORY CARE & SPECIALIST SERVICES,3,7.40801
Greater Accra,JUDITH MATERNITY HOME,3,7.40801
Greater Accra,GLORY PRINCE OF PEACE MATERNITY HOME & CLINIC ANNEX,3,7.40801
Greater Accra,SHAPE HEALTHCARE LIMITED,3,7.40801
Greater Accra,3E MEDICAL CENTRE LIMITED,3,7.40801
Greater Accra,UNIQUE HEALTH CENTRE,3,7.40801
Greater Accra,KUSUNYA FARM CLINIC,3,7.40801
Greater Accra,KOTOKU COMMUNITY CLINIC,3,7.40801
Greater Accra,HOLY BRIDGE CLINIC,3,7.40801
Greater Accra,SWEET LOVE CLINIC,3,7.40801
Greater Accra,SOCHIBGA MEDICAL LABORATORY,3,7.40801
Greater Accra,MIGHTY CLINIC,3,7.40801
Greater Accra,GOD HEALS MATERNITY,3,7.40801
Greater Accra,SELIFEM WOMEN'S CENTRE,3,7.40801
Greater Accra,RESOLVE MEDICAL SERVICES (WOMAN 360),3,7.40801
Greater Accra,MAYFAIR MATERNITY,3,7.40801
Greater Accra,AMERICA FARM COMMUNITY CLINIC & MATERNITY HOME,3,7.40801
Greater Accra,NOVA SURGERY CENTRE,3,7.40801
Greater Accra,SIGHT PROTECTORS CONSULT LTD,3,7.40801
Greater Accra,STAR AID CLINIC,3,7.40801
Greater Accra,PREMIER HEALTHCARE,3,7.40801
Greater Accra,METROPOLIS HEALTH CARE,3,7.40801
Greater Accra,GLOSAWEL HEALTH,3,7.40801
Greater Accra,FIRST CLASS CLINIC LIMITED-ANNEX,3,7.40801
Greater Accra,NYAKOA CLINIC,3,7.40801
Brong Ahafo,EMIL MEMORIAL HOSPITAL,2,7.40801
Brong Ahafo,HAPPY HOSPITAL,2,7.40801
Brong Ahafo,STAR of HOPE HOSPITAL,2,7.40801
Brong Ahafo,STAR OF LIGHT HOSPITAL,2,7.40801
Brong Ahafo,ST ELIZABETH CATHOLIC HOSPITAL,2,7.40801
Brong Ahafo,AHMMADIYA MUSLIM HOSPITAL TECHIMAN,2,7.40801
Brong Ahafo,AHMMADIYA MUSLIM HOSPITAL MIM,2,7.40801
Brong Ahafo,SEVENTH DAY ADVENTIST HOSPITAL,2,7.40801
Brong Ahafo,GRACE HOSPITAL,2,7.40801
Brong Ahafo,JAMEBERT HOSPITAL,2,7.40801
Brong Ahafo,YIZURA HOSPITAL LIMITED,2,7.40801
Brong Ahafo,OWUSU MEMORAIL HOSPITAL,2,7.40801
Brong Ahafo,MT. OLIVES HOSPITAL,2,7.40801
Brong Ahafo,OPOKU AGYEMAN HOSPITAL,2,7.40801
Brong Ahafo,ST MARY HOSPITAL,2,7.40801
Brong Ahafo,ST JOHN OF GOD HOSPITAL,2,7.40801
Brong Ahafo,BESTCARE HOSPITAL,2,7.40801
Brong Ahafo,HOLY FAMILY HOSPITAL TACHIMAN,2,7.40801
Brong Ahafo,HOLY FAMILY HOSPITAL - BEREKUM,2,7.40801
Brong Ahafo,TAIN DISTRICT HOSPITAL,2,7.40801
Brong Ahafo,CROSS CARE HOSPITAL,2,7.40801
Brong Ahafo,GAPAT - G HOSPITAL,2,7.40801
Brong Ahafo,A1 HOSPITAL,2,7.40801
Brong Ahafo,BANHART HOSPITAL,2,7.40801
Brong Ahafo,AMOAH MEM HOSPITAL,2,7.40801
Brong Ahafo,METHODIST HOSPITAL WENCHI,2,7.40801
Brong Ahafo,SHALOM HOSPITAL LIMITED,2,7.40801
Brong Ahafo,MATTHIA'S HOSPITAL,2,7.40801
Brong Ahafo,VALLEY VIEW ADVENTIST HOSPITAL,2,7.40801
Brong Ahafo,MARY'S PEACE MATERNITY HOME,3,7.40801
Brong Ahafo,MILI - MED CLINIC AND DIAGNOSTIC SERVICES,3,7.40801
Brong Ahafo,ALICE MATERNITY HOME,3,7.40801
Brong Ahafo,JENEYUONE CLINIC AND MATERNITY LIMITED,3,7.40801
Brong Ahafo,WOODLAND MEDICAL CENTRE LIMITED,3,7.40801
Brong Ahafo,BLESSED FAMILY MATERNITY HOME,3,7.40801
Brong Ahafo,ESTHER'S MATERNITY HOME,3,7.40801
Brong Ahafo,ST KYEADEE CLINIC,3,7.40801
Brong Ahafo,CICI'S MATERNITY HOME,3,7.40801
Brong Ahafo,AKOMADE CLINIC AND MATERNITY,3,7.40801
Brong Ahafo,CONSTANCE MATERNITY HOME,3,7.40801
Brong Ahafo,KRISTO NTI MATERNITY HOME,3,7.40801
Brong Ahafo,GREEN HILL CLINIC,3,7.40801
Brong Ahafo,GRACE FIELD MATERNITY,3,7.40801
Brong Ahafo,KENAM CLINIC,3,7.40801
Brong Ahafo,DANKWA MATERNITY HOME,3,7.40801
Brong Ahafo,AMPONSAA MEMORIAL CLINIC,3,7.40801
Brong Ahafo,ANNO ASARE MEMORIAL CLINIC,3,7.40801
Brong Ahafo,BLESSED GATE CLINIC/ MATERNITY HOME,3,7.40801
Brong Ahafo,HEALTHLANE CLINIC,3,7.40801
Brong Ahafo,LARBI'S CLINIC,3,7.40801
Brong Ahafo,PATMOS MEDICAL CENTRE,3,7.40801
Brong Ahafo,NYARKO MATERNITY,3,7.40801
Brong Ahafo,NKWA HIA MATERNITY,3,7.40801
Brong Ahafo,NYAASE ROYAL MATERNITY HOME,3,7.40801
Brong Ahafo,RAFCHICK CLINIC,3,7.40801
Brong Ahafo,SAVIOUR MATERNITY HOME,3,7.40801
Brong Ahafo,STATION CLINIC,3,7.40801
Brong Ahafo,AUNTY JOES MATERNITY HOME,3,7.40801
Brong Ahafo,OHENEWAA MEMORIAL CLINIC,3,7.40801
Brong Ahafo,AGYEI MENSAH MEMORIAL MATERNITY HOME,3,7.40801
Brong Ahafo,LOUISE BANKS GRIFFI CLINIC,3,7.40801
Brong Ahafo,MIREMANO MATERNITY HOME AND CLINIC LIMITED,3,7.40801
Brong Ahafo,GINA MATERNITY HOME,3,7.40801
Brong Ahafo,OPOKU CLINIC,3,7.40801
Brong Ahafo,AGGIES'S MATERNITY HOME,3,7.40801
Brong Ahafo,ASUO BOMOSADU TIMBER & SAWMILL CLINIC,3,7.40801
Brong Ahafo,PENKWASE CLINIC,3,7.40801
Brong Ahafo,ST JAMES CLINIC,3,7.40801
Brong Ahafo,ST JOSEPH CLINIC,3,7.40801
Brong Ahafo,ST MATTHEW'S CLINIC,3,7.40801
Brong Ahafo,BSDU HEALTH CENTRE,3,7.40801
Brong Ahafo,SEIKWA HEALTH CENTRE,3,7.40801
Brong Ahafo,BONITA HEALTH CENTRE,3,7.40801
Brong Ahafo,DEBIBI HEALTH CENTRE,3,7.40801
Brong Ahafo,NAMASA RURAL CLINIC,3,7.40801
Brong Ahafo,EMMAVICK EYE CLINIC,3,7.40801
Brong Ahafo,KORANTENG MEMORIAL CLINIC AND MATERNITY,3,7.40801
Brong Ahafo,SUNKWA KINTAMPO CLINIC,3,7.40801
Brong Ahafo,KOFIASUA PRIMARY HEALTHCARE CLINIC LIMITED,3,7.40801
Brong Ahafo,BOATENG SPECIALIST CLINIC,3,7.40801
Brong Ahafo,APOSTLES' CLINIC AND MATERNITY HOME-TECHIMAN,3,7.40801
Brong Ahafo,SHABASH CLINIC,3,7.40801
Brong Ahafo,ST PAULS CLINIC,3,7.40801
Brong Ahafo,HOPE FOR CHILDREN REHABILITATION CENTRE,3,7.40801
Brong Ahafo,YELLOW CLINIC,3,7.40801
Brong Ahafo,DR BISMARK OWUSU-FOSU'S CLINIC,3,7.40801
Brong Ahafo,DOCTORS CLINIC,3,7.40801
Brong Ahafo,DENMIDA HEALTH SERVICE,3,7.40801
Brong Ahafo,AMOAKO HEALTHCARE CITY,3,7.40801
Brong Ahafo,GHANA RED CROSS OPTICAL,3,7.40801
Brong Ahafo,AFRIHOPE MISSION,3,7.40801
Brong Ahafo,ANGLICAN HEALTH SERVICES,3,7.40801
Brong Ahafo,GHANA RED CROSS HEALTH SERVICES,3,7.40801
Brong Ahafo,MARIE STOPES INTERNATIONAL,3,7.40801
Brong Ahafo,LIFE SAVERS,3,7.40801
Brong Ahafo,FAIR VIEW,3,7.40801
Brong Ahafo,THOMAS & THOMAS MEMORIAL,3,7.40801
Brong Ahafo,DEXTER MEDICAL,3,7.40801
Brong Ahafo,PHILOMINA MAT HOME,3,7.40801
Brong Ahafo,SEE WELL OPTICAL,3,7.40801
Brong Ahafo,ASSOCIATION FOR INTEGRATED DEVELOPMET MEDICAL CEN,3,7.40801
Brong Ahafo,BROHANI CHIPS COMPOUD,3,7.40801
Brong Ahafo,HANI CHPS COMPOND,3,7.40801
Brong Ahafo,ADAMU CHIPS COMPOUND,3,7.40801
Brong Ahafo,AFARI YEBOAH,3,7.40801
Brong Ahafo,ST MARY'S CATHOLIC HOSPITAL-DROBO,3,7.40801
Brong Ahafo,CROSS CARE CLINIC-KENYASE,3,7.40801
Western,REDEEMER HOSPITAL,2,7.40801
Western,PREMIER SPECIALIST HOSPITAL,2,7.40801
Western,MADAMFO SPECIALIST HOSPITAL,2,7.40801
Western,ST MARK HOSPITAL ANNEX,2,7.40801
Western,TARKWA COMMUNITY HOSPITAL,2,7.40801
Western,VRA HOSPITAL,2,7.40801
Western,AHMADIYA MUSLIM HOSPITAL DABOASE,2,7.40801
Western,ST MARTINS DE PORRES HOSPITAL,2,7.40801
Western,FATHER THOMAS ALAN ROONEY MEMORIAL HOSPITAL,2,7.40801
Western,BENEDICT HOSPITAL,2,7.40801
Western,DIVINE LOVE HOSPITAL,2,7.40801
Western,AMI MEMORIAL HOSPITAL,2,7.40801
Western,SAM JONAH'S HOSPITAL,2,7.40801
Western,SAMATEX HOSPITAL,2,7.40801
Western,RABBONI CHRISTIAN HOSPITAL,2,7.40801
Western,SAINT EDWARD SPECIALIST HOSPITAL,2,7.40801
Western,PORT HOSPITAL,2,7.40801
Western,PEACE & GRACE HOSPITAL,2,7.40801
Western,NAGEL MEMORIAL ADVENTIST HOSPITAL,2,7.40801
Western,QUI - WAL HOSPITAL,2,7.40801
Western,ABA HOSPITAL,2,7.40801
Western,TARKWA MINES HOSPITAL,2,7.40801
Western,MAAME ENUBAALE MEMORIAL CLINIC,3,7.40801
Western,ALLONE HEALTH CENTRE,3,7.40801
Western,WORK AND HAPPINESS MATERNITY HOME,3,7.40801
Western,JOHN AND TESS MATERNITY HOME,3,7.40801
Western,REED DANOS MEDICAL CENTRE,3,7.40801
Western,OSBERT MATERNITY HOME,3,7.40801
Western,COVENEAT DENTAL CLINIC,3,7.40801
Western,NYAME AMA MATERNITY HOME,3,7.40801
Western,AWURADE NTI MATERNITY HOME,3,7.40801
Western,BENOC CLINIC,3,7.40801
Western,IMMACULATE HEART CLINIC,3,7.40801
Western,PEACE MATERNITY HOME,3,7.40801
Western,TARKWA MEDICAL OCCUPATIONAL HEALTH CENTRE,3,7.40801
Western,WESTLEY CLINIC,3,7.40801
Western,FLORENCE'S MATERNITY HOME,3,7.40801
Western,WIN MEDICAL CENTRE & MORTUARY SERVICES,3,7.40801
Western,SAFE HANDS CLINIC & MATERNITY HOME,3,7.40801
Western,NANABENIE MEMORIAL HEALTH CENTRE,3,7.40801
Western,TAKORADI HIGH STREET CLINIC,3,7.40801
Western,AMA DANSOWAH MATERNITY HOME AND CLINIC,3,7.40801
Western,DAK MEDICAL CENTRE,3,7.40801
Western,WEST AFRICAN RESCUE ASSOCIATION CLINIC - TAKORADI,3,7.40801
Western,FRONTIER CLINIC JOMORO,3,7.40801
Western,OUR LADY OF FATIMA CLINIC AND MATERNITY HOME,3,7.40801
Western,JEFFMANS CLINIC LTD TAKORADI,3,7.40801
Western,VINS CLINIC,3,7.40801
Western,ADUANA MATERNITY HOME,3,7.40801
Western,HOLY CHILD CLINIC TAKORADI,3,7.40801
Western,ST THERESA'S CLINIC,3,7.40801
Western,HOLY CHILD HEALTH CENTRE TAKORADI,3,7.40801
Western,GC HEALTH CENTRE LIMITED,3,7.40801
Western,OPTIMUM MEDICAL CLINIC,3,7.40801
Western,HENBAAB CLINIC LIMITED,3,7.40801
Western,TECH SPRING CLINIC,3,7.40801
Western,ANNA'S MATERNITY HOME,3,7.40801
Western,DANVIC CLINIC,3,7.40801
Western,ASEDA SPECIALIST CLINIC,3,7.40801
Western,EGAM CLINIC,3,7.40801
Western,EL- SHAIVA CLINIC,3,7.40801
Western,CONERSTONE SPECIALIST CLINIC,3,7.40801
Western,DOHAMM CLINIC,3,7.40801
Western,MRS AKOTOS MATERNITY HOME,3,7.40801
Western,GHANA RUBBER ESTATES LIMITED CLINIC,3,7.40801
Western,ANGELA MEMORIAL CATHOLIC CLINIC,3,7.40801
Western,BRITE LIFE MATERNITY,3,7.40801
Western,LIZZY'S MATERNITY HOME ASAWINSO,3,7.40801
Western,THE GLORY OF GODS MATERNITY HOME,3,7.40801
Western,THE PROMISE OF GOD MATERNITY HOME,3,7.40801
Western,TWIN CITY CLINIC,3,7.40801
Western,THY WAY MATERNITY HOME,3,7.40801
Western,A B BOAKAZO COMMUNITY CLINIC,3,7.40801
Western,WSET AFRICAN MILLS CLINIC ( WAMCO 2),3,7.40801
Western,VANOTOO INTERNATIONAL CLINIC,3,7.40801
Western,ANGEL CLINIC,3,7.40801
Western,JAO MEMORIAL DENTAL CLINIC,3,7.40801
Western,HOLY CHILD CENTRE,3,7.40801
Western,HOLY ANGELS MEDICAL CENTRE,3,7.40801
Western,GREENSHIED CLINIC,3,7.40801
Western,GREENSHIED CLINIC ANNEX,3,7.40801
Western,HILLTOP CLINIC,3,7.40801
Western,LIZZY'S MATERNITY HOME AKAATISO,3,7.40801
Western,JEMIMA MATERNITY HOME,3,7.40801
Western,ST PAUL'S CLINIC,3,7.40801
Western,ST JOSEPH MATERNITY HOME,3,7.40801
Western,ST EDKIARD CLINIC,3,7.40801
Western,SAINT HELIER CLINIC,3,7.40801
Western,NANA GYAMFI AMOONU CLINIC,3,7.40801
Western,ST VINCENT DE PAUL CLINIC,3,7.40801
Western,SYCAMORE MEDICARE CENTRE,3,7.40801
Western,PEACE CLINIC,3,7.40801
Western,KREMLIN MEDICAL AND SURGICAL CENTRE,3,7.40801
Western,S DA CLINIC - DADIESO,3,7.40801
Western,SDA CLINIC - ASAWINSO,3,7.40801
Western,SDA COMMUNITY CLINIC,3,7.40801
Western,DOHAMM CLINIC,3,7.40801
Western,TAKORADI TECHNICAL UNIVERSITY CLINIC,3,7.40801
Western,THE CHURCH OF PENTECOST CLINIC,3,7.40801
Western,MAGGIES MATERNITY HOME,3,7.40801
Western,KARIS MEDICAL CENTRE,3,7.40801
Western,HOLY CHILD CLINIC EGYAM,3,7.40801
Western,3e EYE CENTRE,3,7.40801
Western,BREBRE RURAL CLINIC,3,7.40801
Western,HEALTH PLUS CLINIC,3,7.40801
Western,MERCY CLINIC MATERNITY HOME,3,7.40801
Western,CHRIST STADARD MEDICAL & SURGICAL CLINIC,3,7.40801
Western,JOEPAT CLINIC,3,7.40801
Western,OUR LADY CLINIC MAT,3,7.40801
Western,DAK MEDICAL CENTRE,3,7.40801
Western,GAT MATERNITY HOME,3,7.40801
Western,DIVINE INTERVENTION CLINIC,3,7.40801
Western,WILLIAM WILBERFORCE'S MEMORIAL CLINIC,3,7.40801
Western,ST. GEORGE MATERNITY HOME,3,7.40801
Western,SALAM CLINIC,3,7.40801
Western,FAST CLINIC,3,7.40801
Western,GEMAR Health Care Limited,3,7.40801
Western,ALHAJI NUHU MEMORIAL HEALTH CARE CENTRE,3,7.40801
Western,NEW CRYTSTAL HEALTH SERVICESLTD (TAKORADI),3,7.40801
Western,UQ SPECIALIST MEDICAL SERVICES LIMITED,3,7.40801
Western,CHRIST WITHIN HEALTHCARE CONSULT,3,7.40801
Western,SANFORD WORLD CLINICS - KOJOKROM,3,7.40801
Western,MARIE STOPES INTERNATIONAL TAKORADI,3,7.40801
Western,MAMUDUKROM HEALTH CARE,3,7.40801
Western,GHANA BAUXTE,3,7.40801
Western,GHACEM LIMITED,3,7.40801
Western,DIVINE HEALTH CARE,3,7.40801
Western,NEW AGE MEDICAL LIMITED,3,7.40801
Western,CHRISTIAN ADCOK & SONS CHRISTAIN,3,7.40801
Western,OWUSU YEBOAH MAT HOME,3,7.40801
Western,ABIYIE GOD'S GRACE MAT HOME,3,7.40801
Western,MENSIN ANGLOGOLD ASHANTI LTD,3,7.40801
Western,BENSO OIL PALM PLANTATION,3,7.40801
Western,WEST AFRICAN MILLS COMPANY ( WAMCO I),3,7.40801
Western,UNIVERSITY OF MINES & TECHNOLOGY,3,7.40801
Western,KAYTESS KLINIK,3,7.40801
Western,INTERNATIONAL SOS,3,7.40801
Western,INTERNATIONAL SOS BOGOSO,3,7.40801
Western,MY GOD IS ABLE,3,7.40801
Western,NTONSUE MARTERNITY HOME,3,7.40801
Western,OSSKOFF SMILE DENTAL,3,7.40801
Western,ST ANN'S MAT. HOME,3,7.40801
Western,SOLAR EYE CENTER,3,7.40801
Western,INTERNATIONAL SOS WASSA,3,7.40801
Western,SAINT GEORGE MEDICAL SERVICES,3,7.40801
Western,STRATFORD HEALTH,3,7.40801
Western,SANDFORD WORLD CLINICS KIKAM,3,7.40801
Western,CHURCH OF PENTECOST TARKWA,3,7.40801
Western,SANFORD WORLD CLINICS - BOKAZO,3,7.40801
Western,SYNERGY EYE CARE SERVICE,3,7.40801
Western,HEALTH LINK CONSULTING,3,7.40801
Western,BOGOSO GOLD LTD (MINES CLINIC),3,7.40801
Central,COST FOR CHRIST BAPTIST HOSPITAL,2,7.40801
Central,HOLY CROSS HOSPITAL,2,7.40801
Central,OTOO MEMORIAL HOSPITAL,2,7.40801
Central,AHMADIYA MUSLIM HOSPITAL - AGONA SWEDRU,2,7.40801
Central,FYNBA HOSPITAL MANKESSIM,2,7.40801
Central,SAINT MERK'S HOSPITAL,2,7.40801
Central,GREAT REDEEMER HOSPITAL,2,7.40801
Central,ST FRANCIS XAVIER HOSPITAL,2,7.40801
Central,OUR LADY OF GRACE HOSPITAL,2,7.40801
Central,BEN-GRACE HOSPITAL,2,7.40801
Central,ST LUKE CATHOLIC HOSPITAL,2,7.40801
Central,HOPE CHRISTIAN HOSPITAL,2,7.40801
Central,SWEDRU MUNICIPAKL HOSPITAL,2,7.40801
Central,AMPORFUL CLINIC,3,7.40801
Central,CONNIES MATERNITY HOME,3,7.40801
Central,PROVIDENCE CLINIC and MATERNITY HOME,3,7.40801
Central,GREAT YAA ASANTEWAA SCHOOL CLINIC,3,7.40801
Central,ABURA CLINIC,3,7.40801
Central,GOD'S GIFT MATERNITY HOME & CLINIC,3,7.40801
Central,GRACE MERCY MATERNITY HOME,3,7.40801
Central,EDUWAH MEMORIAL HEALTH CENTRE,3,7.40801
Central,HASBERN MEDICAL CENTRE,3,7.40801
Central,CECILIA & SAMMY MEMORIAL CLINIC & MATERNITY HOME,3,7.40801
Central,THE LORD IS MY SHEPHERD MATERNITY HOME,3,7.40801
Central,ST MARTIN HEALTH CENTRE,3,7.40801
Central,KLIMOVIC MEMORIAL CLINIC,3,7.40801
Central,JONOF MATERNITY HOME,3,7.40801
Central,I SHALL NOT DIE CLINIC,3,7.40801
Central,DENTMAX MEDICAL CENTRE LIMITED,3,7.40801
Central,GODFREY MEMORIAL MATERNITY HOME,3,7.40801
Central,FIRST CLASS CLINIC LIMITED,3,7.40801
Central,SANFORD WORLD CLINIC - MANKISSEM,3,7.40801
Central,SANFORD WORLD CLINIC - KASOA,3,7.40801
Central,THE SAINT MATERNITY HOME & CHILD CARE,3,7.40801
Central,CONNIES MATERNITY HOME,3,7.40801
Central,PREMIUM CLINIC,3,7.40801
Central,N' ADOM MATERNITY HOME,3,7.40801
Central,DERGEWA CLINIC,3,7.40801
Central,AKUBBA MEMORIAL CLINIC,3,7.40801
Central,REX CLINIC AND MATERNITY HOME,3,7.40801
Central,PRINCE CHARLES CLINIC,3,7.40801
Central,MIGHTYCRAG MATERNITY HOME,3,7.40801
Central,CELILIA'S MATERNITY HOME,3,7.40801
Central,CHRISTY'S MATERNITY,3,7.40801
Central,BENNETTS CLINIC,3,7.40801
Central,GOOD SHEPHED MATERNITY HOME,3,7.40801
Central,BETHEL COMMUNITY CLINIC,3,7.40801
Central,BETHEL CLINIC &MATERNITY HOME WINNEBA,3,7.40801
Central,COMPREHENSIVE CARE CLINIC,3,7.40801
Central,MERCY WOMEN'S CENTRE MANKESSEM,3,7.40801
Central,TANTRI CLINIC,3,7.40801
Central,ST. JOE'S CLINIC,3,7.40801
Central,ST JOSEPH'S CLINIC AGONA-SWEDRU,3,7.40801
Central,WESLEY CLINIC & MATERNITY HOME,3,7.40801
Central,JOY EMMANUEL MEDICAL CENTRE,3,7.40801
Central,FRANGIFT MODERN CLINIC,3,7.40801
Central,ST JUDE BLESSING CLINIC,3,7.40801
Central,MARGO MATERNITY HOME,3,7.40801
Central,MAMATHESS MATERNITY HOME,3,7.40801
Central,PREMIERCARE MEDICAL CENTRE LIMITED,3,7.40801
Central,ST GREGORY CATHOLOC CLINIC,3,7.40801
Central,SHALOM GLOBAL HEALTH CENTRE,3,7.40801
Central,HOPE CLINIC,3,7.40801
Central,FATHIA MATERNITY HOME LIMITED,3,7.40801
Central,SALGYIN MEDICAL CENTRE,3,7.40801
Central,HOLY FAMILY MATERNITY HOME,3,7.40801
Central,FAUSTY'S MATERNITY HOME,3,7.40801
Central,THE CHURCH OF PENTECOST COMMUNITY CLINIC,3,7.40801
Central,TOPPCARE CLINIC,3,7.40801
Central,RIIS COUNTY CLINIC,3,7.40801
Central,MBROH MEMORIAL CLINIC & MATERNITY HOME,3,7.40801
Central,LIFE SCIENCES MEDICAL CENTRE,3,7.40801
Central,BECERATA MATERNITY HOME,3,7.40801
Central,ROYAL SEFA CLINIC,3,7.40801
Central,MONTA CLINIC,3,7.40801
Central,ODUPONG CLINIC,3,7.40801
Central,EBENEZER MATERNITY HOME,3,7.40801
Central,ST FLORENCE MATERNITY HOME,3,7.40801
Central,JOHN'S COMMUNITY HEALTH CENTRE,3,7.40801
Central,RAHEEM MEDICAL CENTRE,3,7.40801
Central,DEVINE GRACE CLINIC &MATERNITY HOME,3,7.40801
Central,HILL VIEW CLINIC LIMITED,3,7.40801
Central,LIMS HEALTH SERVICE,3,7.40801
Central,KASOA COMMUNITY ALLIANCE FOR HEALTH SERVICE,3,7.40801
Central,ST JUDE MEDICAL CENTER,3,7.40801
Central,NYAME TSE ASE,3,7.40801
Central,BENEDICTION HEALTH LIMITED,3,7.40801
Central,OCRANS MAT HOME,3,7.40801
Central,BAIDEN GHARTEY MEMORIAL,3,7.40801
Central,CENTRAL KASOA CLINC,3,7.40801
Central,KAD DENTAL SERVICE,3,7.40801
Central,TWIFO OIL PALM PLANTATION,3,7.40801
Central,SANFORD WORLD CLINICS - GHANA,3,7.40801
Central,JEHOVAH RAPHA,3,7.40801
Central,DOCTORS IN SERVICE,3,7.40801
Central,EWIM POLYCLINIC,3,7.40801
Central,CHURCH OF PENTECOST ANYANFURI,3,7.40801
Central,UNIVERSITY OF EDUCATION,3,7.40801
Central,SENYA BERAKU HEALTH,3,7.40801
Central,DELICATE CARE LABORATORY,3,7.40801
Eastern,REV BIDI'S MEMORIAL HOSPITAL,2,7.40801
Eastern,ST PATRICK SOLO HOSPITAL,2,7.40801
Eastern,S.D.A HOSPITAL KOFORIDUA,2,7.40801
Eastern,MEDICAS HOSPITAL,2,7.40801
Eastern,JUBILEE HOSPITAL,2,7.40801
Eastern,AGYAKWA HOSPITAL NKAWKAW,2,7.40801
Eastern,THE COMMUNITY HOSPITAL AKIM ODA,2,7.40801
Eastern,MPRASO GENERAL HOSPITAL,2,7.40801
Eastern,KENOP CARE HOSPITAL,2,7.40801
Eastern,VRA VOLTA RIVER AUTHORITY HOSPITAL,2,7.40801
Eastern,HAWA MEMORIAL HOSPITAL,2,7.40801
Eastern,NEW LIFE HOSPITAL,2,7.40801
Eastern,THE COMMUNITY HOSPITAL,2,7.40801
Eastern,ATEKYEM HOSPITAL,2,7.40801
Eastern,A&B COMMUNITY HOSPITAL,2,7.40801
Eastern,TOPMED HOSPITAL,2,7.40801
Eastern,BONNA CLINIC,3,7.40801
Eastern,AMANFROM CLINIC,3,7.40801
Eastern,FREDA MEMORIAL CLINIC,3,7.40801
Eastern,NAABS MEMORIAL CLINIC,3,7.40801
Eastern,EL SHADAI MATERNITY HOME,3,7.40801
Eastern,PATBRENDA CLINIC,3,7.40801
Eastern,PROVIDENCE MEDICAL CENTRE LTD,3,7.40801
Eastern,AGGIES MATERNITY HOME,3,7.40801
Eastern,NEWLANDS MEDICAL CENTRE,3,7.40801
Eastern,YESU KROM MESICAL CENTRE,3,7.40801
Eastern,TECHIMAN CLINIC,3,7.40801
Eastern,ASEIDU MEMORIAL CLINIC KOFORIDUA,3,7.40801
Eastern,SAVIOUR CHURCH HEALTH CENTRE,3,7.40801
Eastern,R H I MEDICAL CENTRE,3,7.40801
Eastern,UNITY MATERNITY HOME,3,7.40801
Eastern,LIVE NOW CLINIC,3,7.40801
Eastern,COSMAS - DAMIEN CLINIC,3,7.40801
Eastern,DORA MATERNITY HOME,3,7.40801
Eastern,NEW LIFE MATERNITY HOME,3,7.40801
Eastern,SUNSET CLINIC,3,7.40801
Eastern,FRIENDSHIP CLINIC,3,7.40801
Eastern,EL SHADAI MATERNITY HOME SOMANYA,3,7.40801
Eastern,TEASE PRESBY HEALTH CENTRE,3,7.40801
Eastern,WILLIE KINGS MATERNITY HOME,3,7.40801
Eastern,EDITHS KLU PRIVATE MATERNITY HOME,3,7.40801
Eastern,SUTTON CLINIC LIMITED,3,7.40801
Eastern,ADWESO CLINIC,3,7.40801
Eastern,ST THERASA CLINIC,3,7.40801
Eastern,M. A.S MATERNITY HOME,3,7.40801
Eastern,ST LUKES MEDICAL CENTRE,3,7.40801
Eastern,BETHEL MATERNITY HOME,3,7.40801
Eastern,ALIDOR MATERNITY HOME,3,7.40801
Eastern,PAT MATERNITY HOME,3,7.40801
Eastern,PROVIDENCE MEDICAL CENTRE LTD,3,7.40801
Eastern,KOFORIDUA CLINIC,3,7.40801
Eastern,DR ASOMAINIS CLINIC,3,7.40801
Eastern,NACO LIS MEDICAL CENTRE,3,7.40801
Eastern,ESTHER'S MATERNITY HOME,3,7.40801
Eastern,I& I CLINIC,3,7.40801
Eastern,LYDIA NYAKO MEMORAIL MATERNITY,3,7.40801
Eastern,BOAFO MOBILE CLINIC,3,7.40801
Eastern,ST ANTHONY MATERNITY HOME,3,7.40801
Eastern,RELIANCE MATERNITY HOME,3,7.40801
Eastern,COMFORTS MATERNITY HOME - NKETEDA,3,7.40801
Eastern,HEDWIGS CLINIC APAASO,3,7.40801
Eastern,NORNICO CLINIC,3,7.40801
Eastern,NYA AKOMA MATERNITY HOME,3,7.40801
Eastern,HEALTHLINE MEDICAL CENTRE,3,7.40801
Eastern,OMAN MEDICAL CENTRE,3,7.40801
Eastern,OFRAMASE CLINIC AND MAT HOME,3,7.40801
Eastern,IMMANUEL MATERNITY CENTRE,3,7.40801
Eastern,E-LAND NATURAL HEALTH CLINIC,3,7.40801
Eastern,GIF JOY MATERNITY HOME & CLINIC,3,7.40801
Eastern,EUNICE MEMORIAL CLINIC,3,7.40801
Eastern,SELOMASS HEALTH CENTRE,3,7.40801
Eastern,GYEDI CLINIC,3,7.40801
Eastern,AKUAPEM NORTH COMMUNITY HEALTH CENTRE,3,7.40801
Eastern,ONE STOP OUTPATIENT CLINIC,3,7.40801
Eastern,STANDARD CARE CLINC,3,7.40801
Eastern,SIBAKONGENERAL MEDICAL and WELLNES,3,7.40801
Eastern,G.C.D.G.L,3,7.40801
Eastern,THE NEW SHEPHERD MARTENITY HOME,3,7.40801
Eastern,NEWJOY MEDICAL CENTER,3,7.40801
Eastern,MARIE STOPES INT KOFORIDUA,3,7.40801
Eastern,ADOS MAT AND FAMILY HEALTH,3,7.40801
Eastern,HOLY HORNIEL,3,7.40801
Eastern,ABETIFI PRESBY,3,7.40801
Eastern,HEALING FOR AFRICA MISSIONS,3,7.40801
Eastern,INTERNATIONAL SOS NEW ABIREM,3,7.40801
Eastern,EKYE PRESBYTERIAN HEALTH,3,7.40801
Eastern,BETTER LIFE FAMILY PLANNIG,3,7.40801
Eastern,ABUNDANT LIFE HEALTH SERVICES,3,7.40801
Eastern,NEW LIFE SOMANYA,3,7.40801
Eastern,G-LIFE MEDICAL LABORATORY,3,7.40801
Eastern,DESTINY AMEGBEY,3,7.40801
Volta,TIME AND CHANCE HOSPITAL,2,7.40801
Volta,HO ROYAL HOSPITAL,2,7.40801
Volta,COMBONI HOSPITAL,2,7.40801
Volta,CENTRAL AFLAO HOSPITAL,2,7.40801
Volta,ST PATRACK HOSPITAL,2,7.40801
Volta,ST JOSEPHS CATHOLIC HOSPITAL,2,7.40801
Volta,ST ANTHONY HOSPITAL,2,7.40801
Volta,MATTY'S MATERNITY HOME,3,7.40801
Volta,MIRACLE LIFE CLINIC,3,7.40801
Volta,PROLIFE MATERNITY HOME,3,7.40801
Volta,NEW SEED INTERNATIONAL CLINIC,3,7.40801
Volta,M. ADOM MATERNITY HOME,3,7.40801
Volta,J'S EYE TO EYE CLINIC LTD,3,7.40801
Volta,CROWN MATERNITY HOME,3,7.40801
Volta,LEBENE CLINIC,3,7.40801
Volta,KONI HEALTH CENTRE,3,7.40801
Volta,KAFUI MATERNITY HOME,3,7.40801
Volta,FINLANDIA CLINIC,3,7.40801
Volta,FORESIGHT MEDICAL CENTRE,3,7.40801
Volta,DR BAWIAH CLINIC,3,7.40801
Volta,METER ECCLESALE CLINIC,3,7.40801
Volta,SEFE CLINIC,3,7.40801
Volta,MERCICFUL CLINIC,3,7.40801
Volta,BIODUN MATERNITY. EYE CLINIC,3,7.40801
Volta,HOGGAR CLINIC LIMITED,3,7.40801
Volta,NANCY'S MATERNITY HOME,3,7.40801
Volta,NISSI MATERNITY HOME,3,7.40801
Volta,KPASSA MATERNITY HOME,3,7.40801
Volta,INNOCHRIST PASSION CLINIC,3,7.40801
Volta,PENTECOST CLINIC KPASSA,3,7.40801
Volta,ST JOHN S CLINIC HOSPITAL,3,7.40801
Volta,NEW LIGHT CLINIC,3,7.40801
Volta,ST PAUL'S CLINIC ANNEX,3,7.40801
Volta,XORNAM MEDICAL CENTRE,3,7.40801
Volta,MELDAK ULTRASOUND DIAGNOSTIC CENTRE,3,7.40801
Volta,KOPAH CLINIC,3,7.40801
Volta,LIFE FOR THE LIVING MEDICAL CENTRE,3,7.40801
Volta,CUNIBERTO CLINIC /MATERNITY HOME,3,7.40801
Volta,CEDAR MEDICAL CENTRE,3,7.40801
Volta,FAMILY COMMUNITY CLINIC LIMITED,3,7.40801
Volta,DZODZE GHANA MISSION CLINIC,3,7.40801
Volta,BUEMAN HEALTH CENTRE,3,7.40801
Volta,AFIA CLINIC INTERNATIONAL,3,7.40801
Volta,GREEN LEAF,3,7.40801
Volta,HOLY TRIINITY SPA,3,7.40801
Volta,INTERNATIONAL HEALTH DEVELOPMENT,3,7.40801
Volta,GISELA MEMORIAL MAT HOME,3,7.40801
Volta,ENYOS MAT HOME,3,7.40801
Volta,GOOD SHEPHERED MARTERNITY,3,7.40801
Volta,JEHOVAH RAPHA,3,7.40801
Volta,HO POLYCLINIC,3,7.40801
Volta,EMMANUEL KEDI HEALTHCARE LIMITED,3,7.40801
Volta,DAS MEDICAL SERVICES,3,7.40801
Volta,SACRED HEART CATHOLIC HOSPITAL-ABOR,3,7.40801
Volta,ST FRANCISCLINIC,3,7.40801
Northern,ALI - SHIFAA HOSPITAL,2,7.40801
Northern,FAITH COMMUNITY HOSPITAL,2,7.40801
Northern,GOD CARES COMMUNITY HOSPITAL (TAMALE),2,7.40801
Northern,KABSAD SCIENTIFIC HOSPITAL (WATHERSTON RES. TAMALE),2,7.40801
Northern,FUO COMMUNITY HOSPITAL (TAMALE),2,7.40801
Northern,TIZAA ROYAL SPECIALIST HOSPITAL,2,7.40801
Northern,UNIVERSAL CARE CLINIC,3,7.40801
Northern,2 FRIENDS CLINIC / MATERNITY HOME,3,7.40801
Northern,BUNKPURUGU RABITO CLINIC,3,7.40801
Northern,GOD FIRST MATERNITY HOME,3,7.40801
Northern,BRUHAM CLINIC & MATERNITY HOME (SAVELUGU),3,7.40801
Northern,NASARA CLINIC & MATERNITY HOME,3,7.40801
Northern,ALAAFIE MEDICAL CENTRE,3,7.40801
Northern,CHURCH OF CHRIST MISSION CLINIC YENDI,3,7.40801
Northern,CFGOS SUGLO MATERNITY HOME (JISONAYILI),3,7.40801
Northern,DIVINE CLINIC (GAMBAGA),3,7.40801
Northern,KADARA CLINIC (LAMASHEGU - TAMALE),3,7.40801
Northern,NEW LIFE MEDICAL LAB & CLINIC,3,7.40801
Northern,REVEREND T TRYERS MEMORIAL CLINIC,3,7.40801
Northern,EVERGREEN MATERNITY HOME (SAWLA),3,7.40801
Northern,FALERA MATERNITY HOME (TAMALE),3,7.40801
Northern,MORDEN SURGICAL CENTRE,3,7.40801
Northern,AS - SALAM MATERNITY HOME,3,7.40801
Northern,DONALD RICHARD MEMORIAL HEALTH CENTRE,3,7.40801
Northern,S.O.S CHILDREN'S VILLAGE CLINIC,3,7.40801
Northern,TANIA SPECIALIST CLINIC (JISONAAYILI -TAMALE),3,7.40801
Northern,THE KINGS MEDICAL CENTRE (kmc) - BONTANGA - TAMALE,3,7.40801
Northern,TINA'S CLINIC & MATERNITY HOME (BUIPE),3,7.40801
Northern,PRECIOUS LIFE CLINIC (SALAGA),3,7.40801
Northern,RABITO CLINIC,3,7.40801
Northern,MMA LUCIA'S CLINIC & MATERNITY HOME,3,7.40801
Northern,NEWLIFE MEDICAL CENTRE,3,7.40801
Northern,DEZEMBELLA RURAL HEALTH CENTRE,3,7.40801
Northern,MARSHEL MEDICAL CENTRE,3,7.40801
Northern,NEMAN CLINIC,3,7.40801
Northern,BAPTIST MEDICAL CENTRE,3,7.40801
Northern,AS - SALAM MATERNITY HOME ANNEX,3,7.40801
Northern,FLORENCE NIGHTIGALE CLINIC,3,7.40801
Northern,NSUNGNA HEALTH CENTRE,3,7.40801
Northern,USRAT MEDICAL CENTRE,3,7.40801
Northern,SABOBA CLINIC,3,7.40801
Northern,KUGA COMMUNITY MATERNITY CLINIC,3,7.40801
Northern,HAJJ ABDEI-KADIRI'S SCIENTIFIC CLINIC & NURSINGAGENCY,3,7.40801
Northern,MANSUSU CLINIC,3,7.40801
Upper West,UNIVERSITY FOR DEVELOPMENT STUDIES HOSPITAL,2,7.40801
Upper West,ST JOSEPH'S HOSPITAL,2,7.40801
Upper West,ST THERESA'S HOSPITAL,2,7.40801
Upper West,HOMELAND CLINIC,3,7.40801
Upper West,PROGRESS MATERNITY HOME,3,7.40801
Upper West,ST GREGORY HEALTH CENTRE,3,7.40801
Upper West,ST MARTIN DE PORES CLINIC,3,7.40801
Upper West,VIRTUE MEDICAL CENTRE,3,7.40801
Upper West,IMMACULATE CONCEPTION HEALTH CENTRE,3,7.40801
Upper West,S. D. A CLINIC (WA),3,7.40801
Upper West,ST. IGNATIUS HEALTH CLINIC,3,7.40801
Upper West,QUEEN OF PEACE CLINIC,3,7.40801
Upper West,SAMUEL SEIDU MEMORIAL CLINIC,3,7.40801
Upper West,ST. JOHN'S HEALTH CENTRE,3,7.40801
Upper West,MAMA MARY'S MATERNITY & CLINIC,3,7.40801
Upper West,MUSLIM COMMUNITY CLINIC,3,7.40801
Upper West,AHMADIYYA MUSLIM CLINIC - KALEO,3,7.40801
Upper West,OUR LADY OF LOUDES CLINIC,3,7.40801
Upper West,ST STELLA'S HEALTH CENTRE KARNI WA,3,7.40801
Upper West,ST GEHARD HEALTH CENTRE FIELMUO,3,7.40801
Upper West,ALL STAINT'S HEALTH CENTRE,3,7.40801
Upper West,HAJIA BAFATU ALHASSA CLINIC,3,7.40801
Upper West,GOOD SHEPHERD MATH & CLINIC,3,7.40801
Upper West,ST PAUL'S HEALTH CENTRE,3,7.40801
Upper West,OUR LADY OF NATIVITY HEALTH CENTRE,3,7.40801
Upper West,ST MARY'S CLINIC,3,7.40801
Upper West,ST CHRISTOPHER CLINIC,3,7.40801
Upper West,ST EVARIST HEALTH CENTRE,3,7.40801
Upper West,MESSIAH HEALTH RESTORATION CENTRE,3,7.40801
Upper West,ZAAATO CLINIC,3,7.40801
Upper West,STAFF OF HOPE CLINIC,3,7.40801
Upper West,GHANA RED CROSS HEALTH SERVICES WA,3,7.40801
Upper West,HENA MEDICALS COMPANY LIMITED,3,7.40801
Upper West,KANYIRI MATERNITY/CLINIC,3,7.40801
Upper West,BLISS EYE CARE,3,7.40801
Upper West,BILL CLNICAL LABORATORY,3,7.40801
Upper East,AMIAH HOSPITAL,2,7.40801
Upper East,ASANKUNDE MEMORIAL HOSPITAL,2,7.40801
Upper East,WIIDI VINEYARD HOSPITAL,2,7.40801
Upper East,LA PAIAX MEDICAL CENTRE,3,7.40801
Upper East,ST. BENEDIK MEDICAL CENTRE,3,7.40801
Upper East,WEDAM MEDICAL CENTRE,3,7.40801
Upper East,DAN NEW LIFE HEALTH CENTRE,3,7.40801
Upper East,GREATER LIGHT CLINIC,3,7.40801
Upper East,GARU PRESBYTERIAN HEALTH CENTRE,3,7.40801
Upper East,FUSEINI CLINIC,3,7.40801
Upper East,FAME CLINIC (BENWOKO),3,7.40801
Upper East,EVER JOY CLINIC,3,7.40801
Upper East,GOSSIP CLINIC,3,7.40801
Upper East,CASE MEDICAL CENTRE,3,7.40801
Upper East,ASUNGTABA HEALTH CENTRE,3,7.40801
Upper East,AYAMFOOYA MEMORIAL CLINIC (KONGO),3,7.40801
Upper East,AFRIKIDS MEDICAL CENTRE,3,7.40801
Upper East,WORIYANGA HEALTH CENTRE,3,7.40801
Upper East,WISDOM STAR CLINIC,3,7.40801
Upper East,WIDANA PRESBYTERIAN HEALTH CENTRE,3,7.40801
Upper East,THE LORDS CLINIC (GARU),3,7.40801
Upper East,ST JUDE CLINIC,3,7.40801
Upper East,SALIFU MEMORIAL CLINIC,3,7.40801
Upper East,QUALITY MEDICAL CENTRE,3,7.40801
Upper East,QUALITY MEDICAL CENTRE,3,7.40801
Upper East,PRESBYTERIAN EYE CENTRE (BOLGA),3,7.40801
Upper East,MILLENIUM LAAFI DOOG CLINIC,3,7.40801
Upper East,ZION LOVE LIFE CENTRE,3,7.40801
Upper East,WINIME DIVINE LOVE CLINIC,3,7.40801
Upper East,AZIMBE HEALTH CENTRE,3,7.40801
Upper East,THE GLORY MEDICAL CENTRE,3,7.40801
Upper East,AKUNYE MEMORAL CLINIC PUSIGA - BAWKU,3,7.40801
Upper East,OPUS DEL MEDICAL CENTRE LIMITED,3,7.40801
Upper East,AYIRE CLINIC,3,7.40801
Upper East,GOODNEWS CLINIC,3,7.40801
Upper East,TEMPANE COMMUNITY CLINIC,3,7.40801
Upper East,M.A. MODERN CLINIC,3,7.40801
Upper East,VALERIA CLINIC,3,7.40801
Upper East,QUALITY MEDICAL CENTRE,3,7.40801
Upper East,NAABA SUGURU CLINIC,3,7.40801
,,,7.40801
,,,7.40801
,,,7.40801
,,,7.40801
,,,7.40801
,,,7.40801
,,,7.40801
,,,7.40801
,,,7.40801
,,,7.40801
,,,7.40801
,,,7.40801
,,,7.40801
,,,7.40801
,,,7.40801
,,,7.40801
,,,7.40801
,,,7.40801
,,,7.40801
,,,7.40801
,,,7.40801
,,,7.40801
,,,7.40801
,,,7.40801
,,,7.40801
,,,7.40801
,,,7.40801
,,,7.40801
,,,7.40801
,,,7.40801
,,,7.40801
,,,7.40801
,,,7.40801
,,,7.40801
,,,7.40801
,,,7.40801
,,,7.40801
,,,7.40801
,,,7.40801
,,,7.40801
,,,7.40801
,,,7.40801
,,,7.40801
,,,7.40801
,,,7.40801
,,,7.40801
,,,7.40801
,,,7.40801
,,,7.40801
,,,7.40801
,,,7.40801
,,,7.40801
,,,7.40801
,,,7.40801
,,,7.40801
,,,7.40801
,,,7.40801
,,,7.40801
,,,7.40801
,,,7.40801
,,,7.40801
,,,7.40801
,,,7.40801
,,,7.40801
,,,7.40801
,,,7.40801
,,,7.40801
,,,7.40801
,,,7.40801
,,,7.40801
,,,7.40801
,,,7.40801
,,,7.40801
,,,7.40801
,,,7.40801
,,,7.40801
,,,7.40801
,,,7.40801
,,,7.40801
,,,7.40801
,,,7.40801
,,,7.40801
,,,7.40801
,,,7.40801
,,,7.40801
,,,7.40801
,,,7.40801
,,,7.40801
,,,7.40801
,,,7.40801
,,,7.40801
,,,7.40801
,,,7.40801
,,,7.40801
,,,7.40801
,,,7.40801
,,,7.40801
,,,7.40801
,,,7.40801
,,,7.40801
,,,7.40801
,,,7.40801
,,,7.40801
,,,7.40801
,,,7.40801
,,,7.40801
,,,7.40801
,,,7.40801
,,,7.40801
,,,7.40801
,,,7.40801
,,,7.40801
,,,7.40801
,,,7.40801
,,,7.40801
,,,7.40801
,,,7.40801
,,,7.40801
,,,7.40801
,,,7.40801
,,,7.40801
,,,7.40801
,,,7.40801
,,,7.40801
,,,7.40801
,,,7.40801
,,,7.40801
,,,7.40801
,,,7.40801
,,,7.40801
,,,7.40801
,,,7.40801
,,,7.40801
,,,7.40801
,,,7.40801
,,,7.40801
,,,7.40801
,,,7.40801
,,,7.40801
,,,7.40801
,,,7.40801
,,,7.40801
,,,7.40801
,,,7.40801
,,,7.40801
,,,7.40801
,,,7.40801
,,,7.40801
,,,7.40801
,,,7.40801
,,,7.40801
,,,7.40801
,,,7.40801
,,,7.40801
,,,7.40801
,,,7.40801
,,,7.40801
,,,7.40801
,,,7.40801
,,,7.40801
,,,7.40801
,,,7.40801
,,,7.40801
,,,7.40801
,,,7.40801
,,,7.40801
,,,7.40801
,,,7.40801
,,,7.40801
,,,7.40801
,,,7.40801
,,,7.40801
,,,7.40801
,,,7.40801
,,,7.40801
,,,7.40801
,,,7.40801
,,,7.40801
,,,7.40801
,,,7.40801
,,,7.40801
,,,7.40801
,,,7.40801
,,,7.40801
,,,7.40801
,,,7.40801
,,,7.40801
,,,7.40801
,,,7.40801
,,,7.40801
,,,7.40801
,,,7.40801
,,,7.40801
,,,7.40801
,,,7.40801
,,,7.40801
,,,7.40801
,,,7.40801
,,,7.40801
,,,7.40801
,,,7.40801
,,,7.40801
,,,7.40801
,,,7.40801
,,,7.40801
,,,7.40801
,,,7.40801
,,,7.40801
,,,7.40801
,,,7.40801
,,,7.40801
,,,7.40801
,,,7.40801
,,,7.40801
,,,7.40801
,,,7.40801
,,,7.40801
,,,7.40801
,,,7.40801
,,,7.40801
,,,7.40801
,,,7.40801
,,,7.40801
,,,7.40801
,,,7.40801
,,,7.40801
,,,7.40801
,,,7.40801
,,,7.40801
,,,7.40801
,,,7.40801
,,,7.40801
,,,7.40801
,,,7.40801
,,,7.40801
,,,7.40801
,,,7.40801
,,,7.40801
,,,7.40801
,,,7.40801
,,,7.40801
,,,7.40801
,,,7.40801
,,,7.40801
,,,7.40801
,,,7.40801
,,,7.40801
,,,7.40801
,,,7.40801
,,,7.40801
,,,7.40801
,,,7.40801
,,,7.40801
,,,7.40801
,,,7.40801
,,,7.40801
,,,7.40801
,,,7.40801
,,,7.40801
,,,7.40801
,,,7.40801
,,,7.40801
,,,7.40801
,,,7.40801
,,,7.40801
,,,7.40801
,,,7.40801
,,,7.40801
,,,7.40801
,,,7.40801
,,,7.40801
,,,7.40801
,,,7.40801
,,,7.40801
,,,7.40801
,,,7.40801
,,,7.40801
,,,7.40801
,,,7.40801
,,,7.40801
,,,7.40801
,,,7.40801
,,,7.40801
,,,7.40801
,,,7.40801
,,,7.40801
,,,7.40801
,,,7.40801
,,,7.40801
,,,7.40801
,,,7.40801
,,,7.40801
,,,7.40801
,,,7.40801
,,,7.40801
,,,7.40801
,,,7.40801
,,,7.40801
,,,7.40801
,,,7.40801
,,,7.40801
,,,7.40801
,,,7.40801
,,,7.40801
,,,7.40801
,,,7.40801
,,,7.40801
,,,7.40801
,,,7.40801
,,,7.40801
,,,7.40801
,,,7.40801
,,,7.40801
,,,7.40801
,,,7.40801
,,,7.40801
,,,7.40801
,,,7.40801
,,,7.40801
,,,7.40801
,,,7.40801
,,,7.40801
,,,7.40801
,,,7.40801
,,,7.40801
,,,7.40801
,,,7.40801
,,,7.40801
,,,7.40801
,,,7.40801
,,,7.40801
,,,7.40801
,,,7.40801
,,,7.40801
,,,7.40801
,,,7.40801
,,,7.40801
,,,7.40801
,,,7.40801
,,,7.40801
,,,7.40801
,,,7.40801
,,,7.40801
,,,7.40801
,,,7.40801
,,,7.40801
,,,7.40801
,,,7.40801
,,,7.40801
,,,7.40801
,,,7.40801
,,,7.40801
,,,7.40801
,,,7.40801
,,,7.40801
,,,7.40801
,,,7.40801
,,,7.40801
,,,7.40801
,,,7.40801
,,,7.40801
,,,7.40801
,,,7.40801
,,,7.40801
,,,7.40801
,,,7.40801
,,,7.40801
,,,7.40801
,,,7.40801
,,,7.40801
,,,7.40801
,,,7.40801
,,,7.40801
,,,7.40801
,,,7.40801
,,,7.40801
,,,7.40801
,,,7.40801
,,,7.40801
,,,7.40801
,,,7.40801
,,,7.40801
,,,7.40801
,,,7.40801
,,,7.40801
,,,7.40801
,,,7.40801
,,,7.40801
,,,7.40801
,,,7.40801
,,,7.40801
,,,7.40801
,,,7.40801
,,,7.40801
,,,7.40801
,,,7.40801
,,,7.40801
,,,7.40801
,,,7.40801
,,,7.40801
,,,7.40801
,,,7.40801
,,,7.40801
,,,7.40801
,,,7.40801
,,,7.40801
,,,7.40801
,,,7.40801
,,,7.40801
,,,7.40801
,,,7.40801
,,,7.40801
,,,7.40801
,,,7.40801
,,,7.40801
,,,7.40801
,,,7.40801
,,,7.40801
,,,7.40801
,,,7.40801
,,,7.40801
,,,7.40801
,,,7.40801
,,,7.40801
,,,7.40801
,,,7.40801
,,,7.40801
,,,7.40801
,,,7.40801
,,,7.40801
,,,7.40801
,,,7.40801
,,,7.40801
,,,7.40801
,,,7.40801
,,,7.40801
,,,7.40801
,,,7.40801
,,,7.40801
,,,7.40801
,,,7.40801
,,,7.40801
,,,7.40801
,,,7.40801
,,,7.40801
,,,7.40801
,,,7.40801
,,,7.40801
,,,7.40801
,,,7.40801
,,,7.40801
,,,7.40801
,,,7.40801
,,,7.40801
,,,7.40801
,,,7.40801
,,,7.40801
,,,7.40801
,,,7.40801
,,,7.40801
,,,7.40801
,,,7.40801
,,,7.40801
,,,7.40801
,,,7.40801
,,,7.40801
,,,7.40801
,,,7.40801
,,,7.40801
,,,7.40801
,,,7.40801
,,,7.40801
,,,7.40801
,,,7.40801
,,,7.40801
,,,7.40801
,,,7.40801
,,,7.40801
,,,7.40801
,,,7.40801
,,,7.40801
,,,7.40801
,,,7.40801
,,,7.40801
,,,7.40801
,,,7.40801
,,,7.40801
,,,7.40801
,,,7.40801
,,,7.40801
,,,7.40801
,,,7.40801
,,,7.40801
,,,7.40801
,,,7.40801
,,,7.40801
,,,7.40801
,,,7.40801
,,,7.40801
,,,7.40801
,,,7.40801
,,,7.40801
,,,7.40801
,,,7.40801
,,,7.40801
,,,7.40801
,,,7.40801
,,,7.40801
,,,7.40801
,,,7.40801
,,,7.40801
,,,7.40801
,,,7.40801
,,,7.40801
,,,7.40801
,,,7.40801
,,,7.40801
,,,7.40801
,,,7.40801
,,,7.40801
,,,7.40801
,,,7.40801
,,,7.40801
,,,7.40801
,,,7.40801
,,,7.40801
,,,7.40801
,,,7.40801
,,,7.40801
,,,7.40801
,,,7.40801
,,,7.40801
,,,7.40801
,,,7.40801
,,,7.40801
,,,7.40801
,,,7.40801
,,,7.40801
,,,7.40801
,,,7.40801
,,,7.40801
,,,7.40801
,,,7.40801
,,,7.40801
,,,7.40801
,,,7.40801
,,,7.40801
,,,7.40801
,,,7.40801
,,,7.40801
,,,7.40801
,,,7.40801
,,,7.40801
,,,7.40801
,,,7.40801
,,,7.40801
,,,7.40801
,,,7.40801
,,,7.40801
,,,7.40801
,,,7.40801
,,,7.40801
,,,7.40801
,,,7.40801
,,,7.40801
,,,7.40801
,,,7.40801
,,,7.40801
,,,7.40801
,,,7.40801
,,,7.40801
,,,7.40801
,,,7.40801
,,,7.40801
,,,7.40801
,,,7.40801
,,,7.40801
,,,7.40801
,,,7.40801
,,,7.40801
,,,7.40801
,,,7.40801
,,,7.40801
,,,7.40801
,,,7.40801
,,,7.40801
,,,7.40801
,,,7.40801
,,,7.40801
,,,7.40801
,,,7.40801
,,,7.40801
,,,7.40801
,,,7.40801
,,,7.40801
,,,7.40801
,,,7.40801
,,,7.40801
,,,7.40801
,,,7.40801
,,,7.40801
,,,7.40801
,,,7.40801
,,,7.40801
,,,7.40801
,,,7.40801
,,,7.40801
,,,7.40801
,,,7.40801
,,,7.40801
,,,7.40801
,,,7.40801
,,,7.40801
,,,7.40801
,,,7.40801
,,,7.40801
,,,7.40801
,,,7.40801
,,,7.40801
,,,7.40801
,,,7.40801
,,,7.40801
,,,7.40801
,,,7.40801
,,,7.40801
,,,7.40801
,,,7.40801
,,,7.40801
,,,7.40801
,,,7.40801
,,,7.40801
,,,7.40801
,,,7.40801
,,,7.40801
,,,7.40801
,,,7.40801
,,,7.40801
,,,7.40801
,,,7.40801
,,,7.40801
,,,7.40801
,,,7.40801
,,,7.40801
,,,7.40801
,,,7.40801
,,,7.40801
,,,7.40801
,,,7.40801
,,,7.40801
,,,7.40801
,,,7.40801
,,,7.40801
,,,7.40801
,,,7.40801
,,,7.40801
,,,7.40801
,,,7.40801
,,,7.40801
,,,7.40801
,,,7.40801
,,,7.40801
,,,7.40801
,,,7.40801
,,,7.40801
,,,7.40801
,,,7.40801
,,,7.40801
,,,7.40801
,,,7.40801
,,,7.40801
,,,7.40801
,,,7.40801
,,,7.40801
,,,7.40801
,,,7.40801
,,,7.40801
,,,7.40801
,,,7.40801
,,,7.40801
,,,7.40801
,,,7.40801
,,,7.40801
,,,7.40801
,,,7.40801
,,,7.40801
,,,7.40801
,,,7.40801
,,,7.40801
,,,7.40801
,,,7.40801
,,,7.40801
,,,7.40801
,,,7.40801
,,,7.40801
,,,7.40801
,,,7.40801
,,,7.40801
,,,7.40801
,,,7.40801
,,,7.40801
,,,7.40801
,,,7.40801
,,,7.40801
,,,7.40801
,,,7.40801
,,,7.40801
,,,7.40801
,,,7.40801
,,,7.40801
,,,7.40801
,,,7.40801
,,,7.40801
,,,7.40801
,,,7.40801
,,,7.40801
,,,7.40801
,,,7.40801
,,,7.40801
,,,7.40801
,,,7.40801
,,,7.40801
,,,7.40801
,,,7.40801
,,,7.40801
,,,7.40801
,,,7.40801
,,,7.40801
,,,7.40801
,,,7.40801
,,,7.40801
,,,7.40801
,,,7.40801
,,,7.40801
,,,7.40801
,,,7.40801
,,,7.40801
,,,7.40801
,,,7.40801
,,,7.40801
,,,7.40801
,,,7.40801
,,,7.40801
,,,7.40801
,,,7.40801
,,,7.40801
,,,7.40801
,,,7.40801
,,,7.40801
,,,7.40801
,,,7.40801
,,,7.40801
,,,7.40801
,,,7.40801
,,,7.40801
,,,7.40801
,,,7.40801
,,,7.40801
,,,7.40801
,,,7.40801
,,,7.40801
,,,7.40801
,,,7.40801
,,,7.40801
,,,7.40801
,,,7.40801
,,,7.40801
,,,7.40801
,,,7.40801
,,,7.40801
,,,7.40801
,,,7.40801
,,,7.40801
,,,7.40801
,,,7.40801
,,,7.40801
,,,7.40801
,,,7.40801
,,,7.40801
,,,7.40801
,,,7.40801
,,,7.40801
,,,7.40801
,,,7.40801
,,,7.40801
,,,7.40801
,,,7.40801
,,,7.40801
,,,7.40801
,,,7.40801
,,,7.40801
,,,7.40801
,,,7.40801
,,,7.40801
,,,7.40801
,,,7.40801
,,,7.40801
,,,7.40801
,,,7.40801
,,,7.40801
,,,7.40801
,,,7.40801
,,,7.40801
,,,7.40801
,,,7.40801
,,,7.40801
,,,7.40801
,,,7.40801
,,,7.40801
,,,7.40801
,,,7.40801
,,,7.40801
,,,7.40801
,,,7.40801
,,,7.40801
,,,7.40801
,,,7.40801
,,,7.40801
,,,7.40801
,,,7.40801
,,,7.40801
,,,7.40801
,,,7.40801
,,,7.40801
,,,7.40801
,,,7.40801
,,,7.40801
,,,7.40801
,,,7.40801
,,,7.40801
,,,7.40801
,,,7.40801
,,,7.40801
,,,7.40801
,,,7.40801
,,,7.40801
,,,7.40801
,,,7.40801
,,,7.40801
,,,7.40801
,,,7.40801
,,,7.40801
,,,7.40801
,,,7.40801
,,,7.40801
,,,7.40801
,,,7.40801
,,,7.40801
,,,7.40801
,,,7.40801
,,,7.40801
,,,7.40801
,,,7.40801
,,,7.40801
,,,7.40801
,,,7.40801
,,,7.40801
,,,7.40801
,,,7.40801
,,,7.40801
,,,7.40801
,,,7.40801
,,,7.40801
,,,7.40801
,,,7.40801
,,,7.40801
,,,7.40801
,,,7.40801
,,,7.40801
,,,7.40801
,,,7.40801
,,,7.40801
,,,7.40801
,,,7.40801
,,,7.40801
,,,7.40801
,,,7.40801
,,,7.40801
,,,7.40801
,,,7.40801
,,,7.40801
,,,7.40801
,,,7.40801
,,,7.40801
,,,7.40801
,,,7.40801
,,,7.40801
,,,7.40801
,,,7.40801
,,,7.40801
,,,7.40801
,,,7.40801
,,,7.40801
,,,7.40801
,,,7.40801
,,,7.40801
,,,7.40801
,,,7.40801
,,,7.40801
,,,7.40801
,,,7.40801
,,,7.40801
,,,7.40801
,,,7.40801
,,,7.40801
,,,7.40801
,,,7.40801
,,,7.40801
,,,7.40801
,,,7.40801
,,,7.40801
,,,7.40801
,,,7.40801
,,,7.40801
,,,7.40801
,,,7.40801
,,,7.40801
,,,7.40801
,,,7.40801
,,,7.40801
,,,7.40801
,,,7.40801
,,,7.40801
,,,7.40801
,,,7.40801
,,,7.40801
,,,7.40801
,,,7.40801
,,,7.40801
,,,7.40801
,,,7.40801
,,,7.40801
,,,7.40801
,,,7.40801
,,,7.40801
,,,7.40801
,,,7.40801
,,,7.40801
,,,7.40801
,,,7.40801
,,,7.40801
,,,7.40801
,,,7.40801
,,,7.40801
,,,7.40801
,,,7.40801
,,,7.40801
,,,7.40801
,,,7.40801
,,,7.40801
,,,7.40801
,,,7.40801
,,,7.40801
,,,7.40801
,,,7.40801
,,,7.40801
,,,7.40801
,,,7.40801
,,,7.40801
,,,7.40801
,,,7.40801
,,,7.40801
,,,7.40801
,,,7.40801
,,,7.40801
,,,7.40801
,,,7.40801
,,,7.40801
,,,7.40801
,,,7.40801
,,,7.40801
,,,7.40801
,,,7.40801
,,,7.40801
,,,7.40801
,,,7.40801
,,,7.40801
,,,7.40801
,,,7.40801
,,,7.40801
,,,7.40801
,,,7.40801
,,,7.40801
,,,7.40801
,,,7.40801
,,,7.40801
,,,7.40801
,,,7.40801
,,,7.40801
,,,7.40801
,,,7.40801
,,,7.40801
,,,7.40801
,,,7.40801
,,,7.40801
,,,7.40801
,,,7.40801
,,,7.40801
,,,7.40801
,,,7.40801
,,,7.40801
,,,7.40801
,,,7.40801
,,,7.40801
,,,7.40801
,,,7.40801
,,,7.40801
,,,7.40801
,,,7.40801
,,,7.40801
,,,7.40801
,,,7.40801
,,,7.40801
,,,7.40801
,,,7.40801
,,,7.40801
,,,7.40801
,,,7.40801
,,,7.40801
,,,7.40801
,,,7.40801
,,,7.40801
,,,7.40801
,,,7.40801
,,,7.40801
,,,7.40801
,,,7.40801
,,,7.40801
,,,7.40801
,,,7.40801
,,,7.40801
,,,7.40801
,,,7.40801
,,,7.40801
,,,7.40801
,,,7.40801
,,,7.40801
,,,7.40801
,,,7.40801
,,,7.40801
,,,7.40801
,,,7.40801
,,,7.40801
,,,7.40801
,,,7.40801
,,,7.40801
,,,7.40801
,,,7.40801
,,,7.40801
,,,7.40801
,,,7.40801
,,,7.40801
,,,7.40801
,,,7.40801
,,,7.40801
,,,7.40801
,,,7.40801
,,,7.40801
,,,7.40801
,,,7.40801
,,,7.40801
,,,7.40801
,,,7.40801
,,,7.40801
,,,7.40801
,,,7.40801
,,,7.40801
,,,7.40801
,,,7.40801
,,,7.40801
,,,7.40801
,,,7.40801
,,,7.40801
,,,7.40801
,,,7.40801
,,,7.40801
,,,7.40801
,,,7.40801
,,,7.40801
,,,7.40801
,,,7.40801
,,,7.40801
,,,7.40801
,,,7.40801
,,,7.40801
,,,7.40801
,,,7.40801
,,,7.40801
,,,7.40801
,,,7.40801
,,,7.40801
,,,7.40801
,,,7.40801
,,,7.40801
,,,7.40801
,,,7.40801
,,,7.40801
,,,7.40801
,,,7.40801
,,,7.40801
,,,7.40801
,,,7.40801
,,,7.40801
,,,7.40801
,,,7.40801
,,,7.40801
,,,7.40801
,,,7.40801
,,,7.40801
,,,7.40801
,,,7.40801
,,,7.40801
,,,7.40801
,,,7.40801
,,,7.40801
,,,7.40801
,,,7.40801
,,,7.40801
,,,7.40801
,,,7.40801
,,,7.40801
,,,7.40801
,,,7.40801
,,,7.40801
,,,7.40801
,,,7.40801
,,,7.40801
,,,7.40801
,,,7.40801
,,,7.40801
,,,7.40801
,,,7.40801
,,,7.40801
,,,7.40801
,,,7.40801
,,,7.40801
,,,7.40801
,,,7.40801
,,,7.40801
,,,7.40801
,,,7.40801
,,,7.40801
,,,7.40801
,,,7.40801
,,,7.40801
,,,7.40801
,,,7.40801
,,,7.40801
,,,7.40801
,,,7.40801
,,,7.40801
,,,7.40801
,,,7.40801
,,,7.40801
,,,7.40801
,,,7.40801
,,,7.40801
,,,7.40801
,,,7.40801
,,,7.40801
,,,7.40801
,,,7.40801
,,,7.40801
,,,7.40801
,,,7.40801
,,,7.40801
,,,7.40801
,,,7.40801
,,,7.40801
,,,7.40801
,,,7.40801
,,,7.40801
,,,7.40801
,,,7.40801
,,,7.40801
,,,7.40801
,,,7.40801
,,,7.40801
,,,7.40801
,,,7.40801
,,,7.40801
,,,7.40801
,,,7.40801
,,,7.40801
,,,7.40801
,,,7.40801
,,,7.40801
,,,7.40801
,,,7.40801
,,,7.40801
,,,7.40801
,,,7.40801
,,,7.40801
,,,7.40801
,,,7.40801
,,,7.40801
,,,7.40801
,,,7.40801
,,,7.40801
,,,7.40801
,,,7.40801
,,,7.40801
,,,7.40801
,,,7.40801
,,,7.40801
,,,7.40801
,,,7.40801
,,,7.40801
,,,7.40801
,,,7.40801
,,,7.40801
,,,7.40801
,,,7.40801
,,,7.40801
,,,7.40801
,,,7.40801
,,,7.40801
,,,7.40801
,,,7.40801
,,,7.40801
,,,7.40801
,,,7.40801
,,,7.40801
,,,7.40801
,,,7.40801
,,,7.40801
,,,7.40801
,,,7.40801
,,,7.40801
,,,7.40801
,,,7.40801
,,,7.40801
,,,7.40801
,,,7.40801
,,,7.40801
,,,7.40801
,,,7.40801
,,,7.40801
,,,7.40801
,,,7.40801
,,,7.40801
,,,7.40801
,,,7.40801
,,,7.40801
,,,7.40801
,,,7.40801
,,,7.40801
,,,7.40801
,,,7.40801
,,,7.40801
,,,7.40801
,,,7.40801
,,,7.40801
,,,7.40801
,,,7.40801
,,,7.40801
,,,7.40801
,,,7.40801
,,,7.40801
,,,7.40801
,,,7.40801
,,,7.40801
,,,7.40801
,,,7.40801
,,,7.40801
,,,7.40801
,,,7.40801
,,,7.40801
,,,7.40801
,,,7.40801
,,,7.40801
,,,7.40801
,,,7.40801
,,,7.40801
,,,7.40801
,,,7.40801
,,,7.40801
,,,7.40801
,,,7.40801
,,,7.40801
,,,7.40801
,,,7.40801
,,,7.40801
,,,7.40801
,,,7.40801
,,,7.40801
,,,7.40801
,,,7.40801
,,,7.40801
,,,7.40801
,,,7.40801
,,,7.40801
,,,7.40801
,,,7.40801
,,,7.40801
,,,7.40801
,,,7.40801
,,,7.40801
,,,7.40801
,,,7.40801
,,,7.40801
,,,7.40801
,,,7.40801
,,,7.40801
,,,7.40801
,,,7.40801
,,,7.40801
,,,7.40801
,,,7.40801
,,,7.40801
,,,7.40801
,,,7.40801
,,,7.40801
,,,7.40801
,,,7.40801
,,,7.40801
,,,7.40801
,,,7.40801
,,,7.40801
,,,7.40801
,,,7.40801
,,,7.40801
,,,7.40801
,,,7.40801
,,,7.40801
,,,7.40801
,,,7.40801
,,,7.40801
,,,7.40801
,,,7.40801
,,,7.40801
,,,7.40801
,,,7.40801
,,,7.40801
,,,7.40801
,,,7.40801
,,,7.40801
,,,7.40801
,,,7.40801
,,,7.40801
,,,7.40801
,,,7.40801
,,,7.40801
,,,7.40801
,,,7.40801
,,,7.40801
,,,7.40801
,,,7.40801
,,,7.40801
,,,7.40801
,,,7.40801
,,,7.40801
,,,7.40801
,,,7.40801
,,,7.40801
,,,7.40801
,,,7.40801
,,,7.40801
,,,7.40801
,,,7.40801
,,,7.40801
,,,7.40801
,,,7.40801
,,,7.40801
,,,7.40801
,,,7.40801
,,,7.40801
,,,7.40801
,,,7.40801
,,,7.40801
,,,7.40801
,,,7.40801
,,,7.40801
,,,7.40801
,,,7.40801
,,,7.40801
,,,7.40801
,,,7.40801
,,,7.40801
,,,7.40801
,,,7.40801
,,,7.40801
,,,7.40801
,,,7.40801
,,,7.40801
,,,7.40801
,,,7.40801
,,,7.40801
,,,7.40801
,,,7.40801
,,,7.40801
,,,7.40801
,,,7.40801
,,,7.40801
,,,7.40801
,,,7.40801
,,,7.40801
,,,7.40801
,,,7.40801
,,,7.40801
,,,7.40801
,,,7.40801
,,,7.40801
,,,7.40801
,,,7.40801
,,,7.40801
,,,7.40801
,,,7.40801
,,,7.40801
,,,7.40801
,,,7.40801
,,,7.40801
,,,7.40801
,,,7.40801
,,,7.40801
,,,7.40801
,,,7.40801
,,,7.40801
,,,7.40801
,,,7.40801
,,,7.40801
,,,7.40801
,,,7.40801
,,,7.40801
,,,7.40801
,,,7.40801
,,,7.40801
,,,7.40801
,,,7.40801
,,,7.40801
,,,7.40801
,,,7.40801
,,,7.40801
,,,7.40801
,,,7.40801
,,,7.40801
,,,7.40801
,,,7.40801
,,,7.40801
,,,7.40801
,,,7.40801
,,,7.40801
,,,7.40801
,,,7.40801
,,,7.40801
,,,7.40801
,,,7.40801
,,,7.40801
,,,7.40801
,,,7.40801
,,,7.40801
,,,7.40801
,,,7.40801
,,,7.40801
,,,7.40801
,,,7.40801
,,,7.40801
,,,7.40801
,,,7.40801
,,,7.40801
,,,7.40801
,,,7.40801
,,,7.40801
,,,7.40801
,,,7.40801
,,,7.40801
,,,7.40801
,,,7.40801
,,,7.40801
,,,7.40801
,,,7.40801
,,,7.40801
,,,7.40801
,,,7.40801
,,,7.40801
,,,7.40801
,,,7.40801
,,,7.40801
,,,7.40801
,,,7.40801
,,,7.40801
,,,7.40801
,,,7.40801
,,,7.40801
,,,7.40801
,,,7.40801
,,,7.40801
,,,7.40801
,,,7.40801
,,,7.40801
,,,7.40801
,,,7.40801
,,,7.40801
,,,7.40801
,,,7.40801
,,,7.40801
,,,7.40801
,,,7.40801
,,,7.40801
,,,7.40801
,,,7.40801
,,,7.40801
,,,7.40801
,,,7.40801
,,,7.40801
,,,7.40801
,,,7.40801
,,,7.40801
,,,7.40801
,,,7.40801
,,,7.40801
,,,7.40801
,,,7.40801
,,,7.40801
,,,7.40801
,,,7.40801
,,,7.40801
,,,7.40801
,,,7.40801
,,,7.40801
,,,7.40801
,,,7.40801
,,,7.40801
,,,7.40801
,,,7.40801
,,,7.40801
,,,7.40801
,,,7.40801
,,,7.40801
,,,7.40801
,,,7.40801
,,,7.40801
,,,7.40801
,,,7.40801
,,,7.40801
,,,7.40801
,,,7.40801
,,,7.40801
,,,7.40801
,,,7.40801
,,,7.40801
,,,7.40801
,,,7.40801
,,,7.40801
,,,7.40801
,,,7.40801
,,,7.40801
,,,7.40801
,,,7.40801
,,,7.40801
,,,7.40801
,,,7.40801
,,,7.40801
,,,7.40801
,,,7.40801
,,,7.40801
,,,7.40801
,,,7.40801
,,,7.40801
,,,7.40801
,,,7.40801
,,,7.40801
,,,7.40801
,,,7.40801
,,,7.40801
,,,7.40801
,,,7.40801
,,,7.40801
,,,7.40801
,,,7.40801
,,,7.40801
,,,7.40801
,,,7.40801
,,,7.40801
,,,7.40801
,,,7.40801
,,,7.40801
,,,7.40801
,,,7.40801
,,,7.40801
,,,7.40801
,,,7.40801
,,,7.40801
,,,7.40801
,,,7.40801
,,,7.40801
,,,7.40801
,,,7.40801
,,,7.40801
,,,7.40801
,,,7.40801
,,,7.40801
,,,7.40801
,,,7.40801
,,,7.40801
,,,7.40801
,,,7.40801
,,,7.40801
,,,7.40801
,,,7.40801
,,,7.40801
,,,7.40801
,,,7.40801
,,,7.40801
,,,7.40801
,,,7.40801
,,,7.40801
,,,7.40801
,,,7.40801
,,,7.40801
,,,7.40801
,,,7.40801
,,,7.40801
,,,7.40801
,,,7.40801
,,,7.40801
,,,7.40801
,,,7.40801
,,,7.40801
,,,7.40801
,,,7.40801
,,,7.40801
,,,7.40801
,,,7.40801
,,,7.40801
,,,7.40801
,,,7.40801
,,,7.40801
,,,7.40801
,,,7.40801
,,,7.40801
,,,7.40801
,,,7.40801
,,,7.40801
,,,7.40801
,,,7.40801
,,,7.40801
,,,7.40801
,,,7.40801
,,,7.40801
,,,7.40801
,,,7.40801
,,,7.40801
,,,7.40801
,,,7.40801
,,,7.40801
,,,7.40801
,,,7.40801
,,,7.40801
,,,7.40801
,,,7.40801
,,,7.40801
,,,7.40801
,,,7.40801
,,,7.40801
,,,7.40801
,,,7.40801
,,,7.40801
,,,7.40801
,,,7.40801
,,,7.40801
,,,7.40801
,,,7.40801
,,,7.40801
,,,7.40801
,,,7.40801
,,,7.40801
,,,7.40801
,,,7.40801
,,,7.40801
,,,7.40801
,,,7.40801
,,,7.40801
,,,7.40801
,,,7.40801
,,,7.40801
,,,7.40801
,,,7.40801
,,,7.40801
,,,7.40801
,,,7.40801
,,,7.40801
,,,7.40801
,,,7.40801
,,,7.40801
,,,7.40801
,,,7.40801
,,,7.40801
,,,7.40801
,,,7.40801
,,,7.40801
,,,7.40801
,,,7.40801
,,,7.40801
,,,7.40801
,,,7.40801
,,,7.40801
,,,7.40801
,,,7.40801
,,,7.40801
,,,7.40801
,,,7.40801
,,,7.40801
,,,7.40801
,,,7.40801
,,,7.40801
,,,7.40801
,,,7.40801
,,,7.40801
,,,7.40801
,,,7.40801
,,,7.40801
,,,7.40801
,,,7.40801
,,,7.40801
,,,7.40801
,,,7.40801
,,,7.40801
,,,7.40801
,,,7.40801
,,,7.40801
,,,7.40801
,,,7.40801
,,,7.40801
,,,7.40801
,,,7.40801
,,,7.40801
,,,7.40801
,,,7.40801
,,,7.40801
,,,7.40801
,,,7.40801
,,,7.40801
,,,7.40801
,,,7.40801
,,,7.40801
,,,7.40801
,,,7.40801
,,,7.40801
,,,7.40801
,,,7.40801
,,,7.40801
,,,7.40801
,,,7.40801
,,,7.40801
,,,7.40801
,,,7.40801
,,,7.40801
,,,7.40801
,,,7.40801
,,,7.40801
,,,7.40801
,,,7.40801
,,,7.40801
,,,7.40801
,,,7.40801
,,,7.40801
,,,7.40801
,,,7.40801
,,,7.40801
,,,7.40801
,,,7.40801
,,,7.40801
,,,7.40801
,,,7.40801
,,,7.40801
,,,7.40801
,,,7.40801
,,,7.40801
,,,7.40801
,,,7.40801
,,,7.40801
,,,7.40801
,,,7.40801
,,,7.40801
,,,7.40801
,,,7.40801
,,,7.40801
,,,7.40801
,,,7.40801
,,,7.40801
,,,7.40801
,,,7.40801
,,,7.40801
,,,7.40801
,,,7.40801
,,,7.40801
,,,7.40801
,,,7.40801
,,,7.40801
,,,7.40801
,,,7.40801
,,,7.40801
,,,7.40801
,,,7.40801
,,,7.40801
,,,7.40801
,,,7.40801
,,,7.40801
,,,7.40801
,,,7.40801
,,,7.40801
,,,7.40801
,,,7.40801
,,,7.40801
,,,7.40801
,,,7.40801
,,,7.40801
,,,7.40801
,,,7.40801
,,,7.40801
,,,7.40801
,,,7.40801
,,,7.40801
,,,7.40801
,,,7.40801
,,,7.40801
,,,7.40801
,,,7.40801
,,,7.40801
,,,7.40801
,,,7.40801
,,,7.40801
,,,7.40801
,,,7.40801
,,,7.40801
,,,7.40801
,,,7.40801
,,,7.40801
,,,7.40801
,,,7.40801
,,,7.40801
,,,7.40801
,,,7.40801
,,,7.40801
,,,7.40801
,,,7.40801
,,,7.40801
,,,7.40801
,,,7.40801
,,,7.40801
,,,7.40801
,,,7.40801
,,,7.40801
,,,7.40801
,,,7.40801
,,,7.40801
,,,7.40801
,,,7.40801
,,,7.40801
,,,7.40801
,,,7.40801
,,,7.40801
,,,7.40801
,,,7.40801
,,,7.40801
,,,7.40801
,,,7.40801
,,,7.40801
,,,7.40801
,,,7.40801
,,,7.40801
,,,7.40801
,,,7.40801
,,,7.40801
,,,7.40801
,,,7.40801
,,,7.40801
,,,7.40801
,,,7.40801
,,,7.40801
,,,7.40801
,,,7.40801
,,,7.40801
,,,7.40801
,,,7.40801
,,,7.40801
,,,7.40801
,,,7.40801
,,,7.40801
,,,7.40801
,,,7.40801
,,,7.40801
,,,7.40801
,,,7.40801
,,,7.40801
,,,7.40801
,,,7.40801
,,,7.40801
,,,7.40801
,,,7.40801
,,,7.40801
,,,7.40801
,,,7.40801
,,,7.40801
,,,7.40801
,,,7.40801
,,,7.40801
,,,7.40801
,,,7.40801
,,,7.40801
,,,7.40801
,,,7.40801
,,,7.40801
,,,7.40801
,,,7.40801
,,,7.40801
,,,7.40801
,,,7.40801
,,,7.40801
,,,7.40801
,,,7.40801
,,,7.40801
,,,7.40801
,,,7.40801
,,,7.40801
,,,7.40801
,,,7.40801
,,,7.40801
,,,7.40801
,,,7.40801
,,,7.40801
,,,7.40801
,,,7.40801
,,,7.40801
,,,7.40801
,,,7.40801
,,,7.40801
,,,7.40801
,,,7.40801
,,,7.40801
,,,7.40801
,,,7.40801
,,,7.40801
,,,7.40801
,,,7.40801
,,,7.40801
,,,7.40801
,,,7.40801
,,,7.40801
,,,7.40801
,,,7.40801
,,,7.40801
,,,7.40801
,,,7.40801
,,,7.40801
,,,7.40801
,,,7.40801
,,,7.40801
,,,7.40801
,,,7.40801
,,,7.40801
,,,7.40801
,,,7.40801
,,,7.40801
,,,7.40801
,,,7.40801
,,,7.40801
,,,7.40801
,,,7.40801
,,,7.40801
,,,7.40801
,,,7.40801
,,,7.40801
,,,7.40801
,,,7.40801
,,,7.40801
,,,7.40801
,,,7.40801
,,,7.40801
,,,7.40801
,,,7.40801
,,,7.40801
,,,7.40801
,,,7.40801
,,,7.40801
,,,7.40801
,,,7.40801
,,,7.40801
,,,7.40801
,,,7.40801
,,,7.40801
,,,7.40801
,,,7.40801
,,,7.40801
,,,7.40801
,,,7.40801
,,,7.40801
,,,7.40801
,,,7.40801
,,,7.40801
,,,7.40801
,,,7.40801
,,,7.40801
,,,7.40801
,,,7.40801
,,,7.40801
,,,7.40801
,,,7.40801
,,,7.40801
,,,7.40801
,,,7.40801
,,,7.40801
,,,7.40801
,,,7.40801
,,,7.40801
,,,7.40801
,,,7.40801
,,,7.40801
,,,7.40801
,,,7.40801
,,,7.40801
,,,7.40801
,,,7.40801
,,,7.40801
,,,7.40801
,,,7.40801
,,,7.40801
,,,7.40801
,,,7.40801
,,,7.40801
,,,7.40801
,,,7.40801
,,,7.40801
,,,7.40801
,,,7.40801
,,,7.40801
,,,7.40801
,,,7.40801
,,,7.40801
,,,7.40801
,,,7.40801
,,,7.40801
,,,7.40801
,,,7.40801
,,,7.40801
,,,7.40801
,,,7.40801
,,,7.40801
,,,7.40801
,,,7.40801
,,,7.40801
,,,7.40801
,,,7.40801
,,,7.40801
,,,7.40801
,,,7.40801
,,,7.40801
,,,7.40801
,,,7.40801
,,,7.40801
,,,7.40801
,,,7.40801
,,,7.40801
,,,7.40801
,,,7.40801
,,,7.40801
,,,7.40801
,,,7.40801
,,,7.40801
,,,7.40801
,,,7.40801
,,,7.40801
,,,7.40801
,,,7.40801
,,,7.40801
,,,7.40801
,,,7.40801
,,,7.40801
,,,7.40801
,,,7.40801
,,,7.40801
,,,7.40801
,,,7.40801
,,,7.40801
,,,7.40801
,,,7.40801
,,,7.40801
,,,7.40801
,,,7.40801
,,,7.40801
,,,7.40801
,,,7.40801
,,,7.40801
,,,7.40801
,,,7.40801
,,,7.40801
,,,7.40801
,,,7.40801
,,,7.40801
,,,7.40801
,,,7.40801
,,,7.40801
,,,7.40801
,,,7.40801
,,,7.40801
,,,7.40801
,,,7.40801
,,,7.40801
,,,7.40801
,,,7.40801
,,,7.40801
,,,7.40801
,,,7.40801
,,,7.40801
,,,7.40801
,,,7.40801
,,,7.40801
,,,7.40801
,,,7.40801
,,,7.40801
,,,7.40801
,,,7.40801
,,,7.40801
,,,7.40801
,,,7.40801
,,,7.40801
,,,7.40801
,,,7.40801
,,,7.40801
,,,7.40801
,,,7.40801
,,,7.40801
,,,7.40801
,,,7.40801
,,,7.40801
,,,7.40801
,,,7.40801
,,,7.40801
,,,7.40801
,,,7.40801
,,,7.40801
,,,7.40801
,,,7.40801
,,,7.40801
,,,7.40801
,,,7.40801
,,,7.40801
,,,7.40801
,,,7.40801
,,,7.40801
,,,7.40801
,,,7.40801
,,,7.40801
,,,7.40801
,,,7.40801
,,,7.40801
,,,7.40801
,,,7.40801
,,,7.40801
,,,7.40801
,,,7.40801
,,,7.40801
,,,7.40801
,,,7.40801
,,,7.40801
,,,7.40801
,,,7.40801
,,,7.40801
,,,7.40801
,,,7.40801
,,,7.40801
,,,7.40801
,,,7.40801
,,,7.40801
,,,7.40801
,,,7.40801
,,,7.40801
,,,7.40801
,,,7.40801
,,,7.40801
,,,7.40801
,,,7.40801
,,,7.40801
,,,7.40801
,,,7.40801
,,,7.40801
,,,7.40801
,,,7.40801
,,,7.40801
,,,7.40801
,,,7.40801
,,,7.40801
,,,7.40801
,,,7.40801
,,,7.40801
,,,7.40801
,,,7.40801
,,,7.40801
,,,7.40801
,,,7.40801
,,,7.40801
,,,7.40801
,,,7.40801
,,,7.40801
,,,7.40801
,,,7.40801
,,,7.40801
,,,7.40801
,,,7.40801
,,,7.40801
,,,7.40801
,,,7.40801
,,,7.40801
,,,7.40801
,,,7.40801
,,,7.40801
,,,7.40801
,,,7.40801
,,,7.40801
,,,7.40801
,,,7.40801
,,,7.40801
,,,7.40801
,,,7.40801
,,,7.40801
,,,7.40801
,,,7.40801
,,,7.40801
,,,7.40801
,,,7.40801
,,,7.40801
,,,7.40801
,,,7.40801
,,,7.40801
,,,7.40801
,,,7.40801
,,,7.40801
,,,7.40801
,,,7.40801
,,,7.40801
,,,7.40801
,,,7.40801
,,,7.40801
,,,7.40801
,,,7.40801
,,,7.40801
,,,7.40801
,,,7.40801
,,,7.40801
,,,7.40801
,,,7.40801
,,,7.40801
,,,7.40801
,,,7.40801
,,,7.40801
,,,7.40801
,,,7.40801
,,,7.40801
,,,7.40801
,,,7.40801
,,,7.40801
,,,7.40801
,,,7.40801
,,,7.40801
,,,7.40801
,,,7.40801
,,,7.40801
,,,7.40801
,,,7.40801
,,,7.40801
,,,7.40801
,,,7.40801
,,,7.40801
,,,7.40801
,,,7.40801
,,,7.40801
,,,7.40801
,,,7.40801
,,,7.40801
,,,7.40801
,,,7.40801
,,,7.40801
,,,7.40801
,,,7.40801
,,,7.40801
,,,7.40801
,,,7.40801
,,,7.40801
,,,7.40801
,,,7.40801
,,,7.40801
,,,7.40801
